"SITE_ID", "GROUP_ID", "VARIABLE_GROUP", "SOIL_CHEM_PH_H2O", "SOIL_CHEM_PROFILE_MIN", "SOIL_CHEM_PROFILE_MAX", "SOIL_CHEM_HORIZON", "SOIL_CHEM_COMMENT", "SOIL_CHEM_C_ORG", "SOIL_CHEM_DATE", "SOIL_CHEM_PH_SALT", "SOIL_CHEM_N_TOT", "SOIL_CHEM_BD", "SOIL_CHEM_C_ORG_SPATIAL_VARIABILITY", "SOIL_CHEM_N_TOT_SPATIAL_VARIABILITY", "SOIL_CHEM_PH_SALT_SPATIAL_VARIABILITY", "SOIL_CHEM_BD_SPATIAL_VARIABILITY", "SOIL_CHEM_PROFILE_ZERO_REF", "SOIL_CHEM_BD_SPATIAL_REP_NUMBER", "SOIL_CHEM_DATE_UNC", 
"BR-Ma2", "24033", "GRP_SOIL_CHEM", "3.9", "0", "10", "A", "Luziao et al GBC 10 2004:
; Luziao et al GBC 10 2004:
", , , , , , , , , , , , , 
"BR-Ma2", "24436", "GRP_SOIL_CHEM", , "0", "10", "A", "Luziao et al GBC 10 2004:
SOM 6.6%; Luziao et al GBC 10 2004:
", "33", , , , , , , , , , , , 
"CA-Ca1", "25449", "GRP_SOIL_CHEM", , "3", "103", , "mineral", "120", "2002", , , , , , , , , , , 
"CA-Ca1", "25586", "GRP_SOIL_CHEM", , "3", "103", , "calculated from CNFI data on CCP DIS", , "2002", "5", , , , , , , , , , 
"CA-Ca1", "25695", "GRP_SOIL_CHEM", , "3", "103", , "N taken as mean of range in table 1. Humphrey et al. 2007", , "2002", , "24", , , , , , , , , 
"CA-Ca1", "25824", "GRP_SOIL_CHEM", , "0", "3", , "organic", "30", "2002", , , , , , , , , , , 
"CA-Ca1", "25825", "GRP_SOIL_CHEM", , "0", "3", , "N taken as mean of range in table 1. Humphrey et al. 2006", , "2002", , "116.5", , , , , , , , , 
"CA-Ca1", "26097", "GRP_SOIL_CHEM", , "1500", "2500", , "measurements by Jassal, P.", , "2002", , , "1.44277162990307", , , , , , , , 
"CA-Ca1", "26099", "GRP_SOIL_CHEM", , "2500", "3500", , "measurements by Jassal, P.", , "2002", , , "1.49797775053015", , , , , , , , 
"CA-Ca1", "26100", "GRP_SOIL_CHEM", , "3500", "4500", , "measurements by Jassal, P.", , "2002", , , "1.41680367847163", , , , , , , , 
"CA-Ca1", "26101", "GRP_SOIL_CHEM", , "4500", "6500", , "measurements by Jassal, P.", , "2002", , , "1.57857045054169", , , , , , , , 
"CA-Ca1", "26450", "GRP_SOIL_CHEM", , "0", "500", , "measurements by Jassal, P.", , "2002", , , "0.896948061219539", , , , , , , , 
"CA-Ca1", "26451", "GRP_SOIL_CHEM", , "500", "1500", , "measurements by Jassal, P.", , "2002", , , "1.18643500485884", , , , , , , , 
"CA-Ca2", "26834", "GRP_SOIL_CHEM", , "30", "100", , "mineral layer", , "20020927", "5", , , , , , , , , , 
"CA-Ca2", "26975", "GRP_SOIL_CHEM", , "0", "100", , "CC_TOTAL", "88.9833", "20020927", , , , , , , , , , , 
"CA-Ca2", "26976", "GRP_SOIL_CHEM", , "30", "100", , "CC_ORG", "58.9333", "20020927", , , , , , , , , , , 
"CA-Ca2", "27262", "GRP_SOIL_CHEM", , "0", "10", , "measurements by Jassal, P.", , "2002", , , "1.07937374793929", , , , , , , , 
"CA-Ca2", "27263", "GRP_SOIL_CHEM", , "20", "30", , "measurements by Jassal, P.", , "2004", , , "1.29881704232794", , , , , , , , 
"CA-Ca2", "27540", "GRP_SOIL_CHEM", , "40", "50", , "measurements by Jassal, P.", , "2006", , , "1.65722628258956", , , , , , , , 
"CA-Ca2", "27894", "GRP_SOIL_CHEM", , "30", "40", , "measurements by Jassal, P.", , "2005", , , "1.51492870775319", , , , , , , , 
"CA-Ca2", "28152", "GRP_SOIL_CHEM", , "10", "20", , "measurements by Jassal, P.", , "2003", , , "1.12498004663815", , , , , , , , 
"CA-Ca2", "29094", "GRP_SOIL_CHEM", , "0", "30", , "CC_MIN", "30.0417", "20020927", , , , , , , , , , , 
"CA-Ca3", "26837", "GRP_SOIL_CHEM", , "0", "100", , "CC_TOTAL", "140.667", "20020927", , , , , , , , , , , 
"CA-Ca3", "26838", "GRP_SOIL_CHEM", , "3", "100", , "CC_ORG", "91.7167", "20020927", , , , , , , , , , , 
"CA-Ca3", "26839", "GRP_SOIL_CHEM", , "3", "103", , "calculated from CNFI data on CCP DIS", , "2002", "5", , , , , , , , , , 
"CA-Ca3", "26985", "GRP_SOIL_CHEM", , "0", "10", , "measurements by Jassal, P.", , "2002", , , "0.751615494140867", , , , , , , , 
"CA-Ca3", "26986", "GRP_SOIL_CHEM", , "20", "30", , "measurements by Jassal, P.", , "2002", , , "1.01259309627311", , , , , , , , 
"CA-Ca3", "26987", "GRP_SOIL_CHEM", , "40", "50", , "measurements by Jassal, P.", , "2002", , , "0.696754670543706", , , , , , , , 
"CA-Ca3", "27546", "GRP_SOIL_CHEM", , "10", "20", , "measurements by Jassal, P.", , "2002", , , "0.953438173123137", , , , , , , , 
"CA-Ca3", "27547", "GRP_SOIL_CHEM", , "30", "40", , "measurements by Jassal, P.", , "2002", , , "0.763609358409072", , , , , , , , 
"CA-Ca3", "28497", "GRP_SOIL_CHEM", , "0", "3", , "CC_MIN", "48.95", "20020927", , , , , , , , , , , 
"CA-Gro", "25234", "GRP_SOIL_CHEM", , , , "B", "193,235/2003 soil thickness 0.27cm; measured followed Fluxnet-Canada protocol", , "20030823", "6.15", , "1.801", , , , , , , , 
"CA-Gro", "25235", "GRP_SOIL_CHEM", , , , "LFH", "(42.87 gC/100g); soil thickness 0.13cm; measured followed Fluxnet-Canada protocol", "42.87", "20030713", , , , , , , , , , , 
"CA-Gro", "25236", "GRP_SOIL_CHEM", , , , "A", "(0.36 gC/100g); soil thickness 0.05cm; measured followed Fluxnet-Canada protocol", "3.06", "20030713", , , , , , , , , , , 
"CA-Gro", "25237", "GRP_SOIL_CHEM", , , , "B", "193,235/2003 (0.61 gC/100g); soil thickness 0.27cm; measured followed Fluxnet-Canada protocol", "29.6625", "20030823", , , , , , , , , , , 
"CA-Gro", "25240", "GRP_SOIL_CHEM", , , , "B", "193,235/2003 (0.065 gN/100g); soil thickness 0.27cm; measured followed Fluxnet-Canada protocol", , "20030823", , "3.16076", , , , , , , , , 
"CA-Gro", "25241", "GRP_SOIL_CHEM", , , , "O", "(1.151 gN/100g); soil thickness 0.07cm; measured followed Fluxnet-Canada protocol", , "2003", , "1.151", , , , , , , , , 
"CA-Gro", "25242", "GRP_SOIL_CHEM", , , , "C", "soil thickness 0.4cm; measured followed Fluxnet-Canada protocol", , "20020814", "6.88", , , , , , , , , , 
"CA-Gro", "25379", "GRP_SOIL_CHEM", , , , "C", "(0.065 gN/100g); soil thickness 0.42cm; measured followed Fluxnet-Canada protocol", , "2003", , "0.065", , , , , , , , , 
"CA-Gro", "25498", "GRP_SOIL_CHEM", , , , "A", "(3.59 gC/100g); soil thickness 0.05cm; measured followed Fluxnet-Canada protocol", "27.8405", "20040921", , , , , , , , , , , 
"CA-Gro", "25501", "GRP_SOIL_CHEM", , , , "B", "(0.093 gN/100g); soil thickness 0.28cm; measured followed Fluxnet-Canada protocol", , "20020814", , "3.20552", , , , , , , , , 
"CA-Gro", "25645", "GRP_SOIL_CHEM", , , , "A", "soil thickness 0.05cm; measured followed Fluxnet-Canada protocol", , "20030713", "5.76", , "1.7", , , , , , , , 
"CA-Gro", "25761", "GRP_SOIL_CHEM", , , , "O", "(38.73 gC/100g); soil thickness 0.07cm; measured followed Fluxnet-Canada protocol", "38.73", "2003", , , , , , , , , , , 
"CA-Gro", "25763", "GRP_SOIL_CHEM", , , , "O", "(1.864 gN/100g); soil thickness 0.12cm; measured followed Fluxnet-Canada protocol", , "20020814", , "1.864", , , , , , , , , 
"CA-Gro", "25875", "GRP_SOIL_CHEM", , , , "B", "(0.35 gC/100g); soil thickness 0.19cm; measured followed Fluxnet-Canada protocol", "10.527", "20040921", , , , , , , , , , , 
"CA-Gro", "25986", "GRP_SOIL_CHEM", , , , "A", "soil thickness 0.06cm; measured followed Fluxnet-Canada protocol", , "20020814", "3.54", , "1.307", , , , , , , , 
"CA-Gro", "25989", "GRP_SOIL_CHEM", , , , "A", "soil thickness 0.05cm; measured followed Fluxnet-Canada protocol", , "20040921", "4.21", , "1.551", , , , , , , , 
"CA-Gro", "25990", "GRP_SOIL_CHEM", , , , "LFH", "(37.14 gC/100g); soil thickness 0.07cm; measured followed Fluxnet-Canada protocol", "37.14", "20040921", , , , , , , , , , , 
"CA-Gro", "25993", "GRP_SOIL_CHEM", , , , "LFH", "(1.789 gN/100g); soil thickness 0.13cm; measured followed Fluxnet-Canada protocol", , "20030713", , "1.789", , , , , , , , , 
"CA-Gro", "25994", "GRP_SOIL_CHEM", , , , "LFH", "(2.106 gN/100g); soil thickness 0.07cm; measured followed Fluxnet-Canada protocol", , "20040921", , "2.106", , , , , , , , , 
"CA-Gro", "25995", "GRP_SOIL_CHEM", , , , "B", "(0.087 gN/100g); soil thickness 0.19cm; measured followed Fluxnet-Canada protocol", , "20040921", , "2.6167", , , , , , , , , 
"CA-Gro", "26154", "GRP_SOIL_CHEM", , , , "B", "(1.27 gC/100g); soil thickness 0.28cm; measured followed Fluxnet-Canada protocol", "43.7744", "20020814", , , , , , , , , , , 
"CA-Gro", "26155", "GRP_SOIL_CHEM", , , , "C", "(1.01 gC/100g); soil thickness 0.4cm; measured followed Fluxnet-Canada protocol", "1.01", "20020814", , , , , , , , , , , 
"CA-Gro", "26156", "GRP_SOIL_CHEM", , , , "O", "(44.165 gC/100g); soil thickness 0.12cm; measured followed Fluxnet-Canada protocol", "44.165", "20020814", , , , , , , , , , , 
"CA-Gro", "26257", "GRP_SOIL_CHEM", , , , "B", "soil thickness 0.28cm; measured followed Fluxnet-Canada protocol", , "20020814", "5.74", , "1.231", , , , , , , , 
"CA-Gro", "26258", "GRP_SOIL_CHEM", , , , "B", "soil thickness 0.19cm; measured followed Fluxnet-Canada protocol", , "20040921", "4.89", , "1.583", , , , , , , , 
"CA-Gro", "26262", "GRP_SOIL_CHEM", , , , "C", "(0.062 gN/100g); soil thickness 0.5cm; measured followed Fluxnet-Canada protocol", , "20040921", , "0.062", , , , , , , , , 
"CA-Gro", "26264", "GRP_SOIL_CHEM", , , , "C", "soil thickness 0.42cm; measured followed Fluxnet-Canada protocol", , "2003", "7.39", , , , , , , , , , 
"CA-Gro", "26390", "GRP_SOIL_CHEM", , , , "C", "(0.93 gC/100g); soil thickness 0.42cm; measured followed Fluxnet-Canada protocol", "0.93", "2003", , , , , , , , , , , 
"CA-Gro", "26391", "GRP_SOIL_CHEM", , , , "A", "(0.079 gN/100g); soil thickness 0.05cm; measured followed Fluxnet-Canada protocol", , "20030713", , "0.6715", , , , , , , , , 
"CA-Gro", "26507", "GRP_SOIL_CHEM", , , , "LFH", "(40.83 gC/100g); soil thickness 0.09cm; measured followed Fluxnet-Canada protocol", "40.83", "20020814", , , , , , , , , , , 
"CA-Gro", "26508", "GRP_SOIL_CHEM", , , , "A", "(1.12 gC/100g); soil thickness 0.06cm; measured followed Fluxnet-Canada protocol", "8.78304", "20020814", , , , , , , , , , , 
"CA-Gro", "26509", "GRP_SOIL_CHEM", , , , "C", "(1.04 gC/100g); soil thickness 0.5cm; measured followed Fluxnet-Canada protocol", "1.04", "20040921", , , , , , , , , , , 
"CA-Gro", "26510", "GRP_SOIL_CHEM", , , , "LFH", "(2.131 gN/100g); soil thickness 0.09cm; measured followed Fluxnet-Canada protocol", , "20020814", , "2.131", , , , , , , , , 
"CA-Gro", "26516", "GRP_SOIL_CHEM", , , , "C", "soil thickness 0.5cm; measured followed Fluxnet-Canada protocol", , "20040921", "7.43", , , , , , , , , , 
"CA-Gro", "26648", "GRP_SOIL_CHEM", , , , "C", "(0.046 gN/100g); soil thickness 0.4cm; measured followed Fluxnet-Canada protocol", , "20020814", , "0.046", , , , , , , , , 
"CA-Let", "25939", "GRP_SOIL_CHEM", , "0", "1000", , "soil thickness .01 m; Data from Flanagan et al. (2002,Global Change Biology 8, 599-615)", , , , , "1.24", , , , , , , , 
"CA-Man", "25238", "GRP_SOIL_CHEM", , "-4.5", "0", "H", "(39.8 gC/100g); soil thickness 0.05m; measured by BOREAS", "11.94", "1994", , , , , , , , , , , 
"CA-Man", "25239", "GRP_SOIL_CHEM", , "0", "11", "A", "(3.3825 gC/100g); soil thickness 0.11m; measured by BOREAS", "32.2217", "1994", , , , , , , , , , , 
"CA-Man", "25499", "GRP_SOIL_CHEM", , "37.73", "74.43", "C", "soil thickness 0.364286m; measured by BOREAS", , "1994", "7.985714286", , "1.235", , , , , , , , 
"CA-Man", "25500", "GRP_SOIL_CHEM", , "37.73", "74.43", "C", "(18.38285714 gC/100g); soil thickness 0.267273m; measured by BOREAS", "827.032", "1994", , , , , , , , , , , 
"CA-Man", "25647", "GRP_SOIL_CHEM", , "-12.5", "-4.5", "F", "soil thickness 0.08m; measured by BOREAS", , "1994", "2.175", , "0.04", , , , , , , , 
"CA-Man", "25648", "GRP_SOIL_CHEM", , "11", "37.73", "B", "soil thickness 0.267273m; measured by BOREAS", , "1994", "6.909090909", , "1.113333333", , , , , , , , 
"CA-Man", "25991", "GRP_SOIL_CHEM", , "-22.25", "-12.5", "L", "(46.2625 gC/100g); soil thickness 0.0975m; measured by BOREAS", "9.02119", "1994", , , , , , , , , , , 
"CA-Man", "25992", "GRP_SOIL_CHEM", , "11", "37.73", "B", "(2.605455 gC/100g); soil thickness 0.267273m; measured by BOREAS", "77.5289", "1994", , , , , , , , , , , 
"CA-Man", "26159", "GRP_SOIL_CHEM", , "-4.5", "0", "H", "soil thickness 0.05m; measured by BOREAS", , "1994", "1.466666667", , "0.06", , , , , , , , 
"CA-Man", "26160", "GRP_SOIL_CHEM", , "0", "11", "A", "soil thickness 0.11m; measured by BOREAS", , "1994", "6.075", , "0.866", , , , , , , , 
"CA-Man", "26161", "GRP_SOIL_CHEM", , "-4.5", "0", "H", "(0.818666667 gN/100g); soil thickness 0.05m; measured by BOREAS", , "1994", , "0.2456", , , , , , , , , 
"CA-Man", "26162", "GRP_SOIL_CHEM", , "0", "11", "A", "(0.178 gN/100g); ; soil thickness 0.11m; measured by BOREAS", , "1994", , "1.69563", , , , , , , , , 
"CA-Man", "26260", "GRP_SOIL_CHEM", , "-12.5", "-4.5", "F", "(46.8725 gC/100g); soil thickness 0.08m; measured by BOREAS", "14.9992", "1994", , , , , , , , , , , 
"CA-Man", "26261", "GRP_SOIL_CHEM", , "-12.5", "-4.5", "F", "(0.7095 gN/100g);  soil thickness 0.08m; measured by BOREAS", , "1994", , "0.22704", , , , , , , , , 
"CA-Man", "26512", "GRP_SOIL_CHEM", , "-22.25", "-12.5", "L", "soil thickness 0.0975m; measured by BOREAS", , "1994", "2.475", , "0.02", , , , , , , , 
"CA-Man", "26513", "GRP_SOIL_CHEM", , "11", "37.73", "B", "0.070909091 gN/100g);  soil thickness 0.267273m; measured by BOREAS", , "1994", , "2.11", , , , , , , , , 
"CA-Man", "26514", "GRP_SOIL_CHEM", , "37.73", "74.43", "C", "(0.043285714 gN/100g); soil thickness 0.364286m; measured by BOREAS", , "1994", , "1.94739", , , , , , , , , 
"CA-Man", "26647", "GRP_SOIL_CHEM", , "-22.25", "-12.5", "L", "(0.74825 gN/100g);  soil thickness 0.0975m; measured by BOREAS", , "1994", , "0.145909", , , , , , , , , 
"CA-Mer", "27117", "GRP_SOIL_CHEM", , "350", "400", , "(1.53531 gN/100g); soil thickeness 0.5m", , , , "6.00445", , , , , , , , , 
"CA-Mer", "27414", "GRP_SOIL_CHEM", , "0", "10", , "(45.587 gC/100g); soil thickness 0.1 m", "24.9862", , , , "0.05481", , , , , , , , 
"CA-Mer", "27417", "GRP_SOIL_CHEM", , "400", "450", , "(47.85731 gC/100g); soil thickness 0.5 m", "185.556", , , , "0.0830166666666667", , , , , , , , 
"CA-Mer", "27418", "GRP_SOIL_CHEM", , "100", "150", , "(1.59485 gN/100g); soil thickeness 0.5m", , , , "6.00445", , , , , , , , , 
"CA-Mer", "27657", "GRP_SOIL_CHEM", , "500", "550", , "soil thickness 0.5 m", , , , , "0.0829916666666667", , , , , , , , 
"CA-Mer", "27658", "GRP_SOIL_CHEM", , "10", "20", , "(1.13800 gN/100g); soil thickeness 0.1 m", , , , "0.663454", , , , , , , , , 
"CA-Mer", "27659", "GRP_SOIL_CHEM", , "90", "100", , "(1.12300 gN/100g); soil thickeness 0.1 m", , , , "0.94478", , , , , , , , , 
"CA-Mer", "27660", "GRP_SOIL_CHEM", , "400", "450", , "(5.65731 gN/100g); soil thickeness 0.5m", , , , "10.2808", , , , , , , , , 
"CA-Mer", "27757", "GRP_SOIL_CHEM", , "90", "100", , "(50.395 gC/100g); soil thickness 0.1 m", "42.3973", , , , "0.08413", , , , , , , , 
"CA-Mer", "27758", "GRP_SOIL_CHEM", , "50", "60", , "(1.24150 gN/100g); soil thickeness 0.1 m", , , , "1.11661", , , , , , , , , 
"CA-Mer", "28026", "GRP_SOIL_CHEM", , "10", "20", , "(44.234 gC/100g); soil thickness 0.1 m", "25.7884", , , , "0.0583", , , , , , , , 
"CA-Mer", "28027", "GRP_SOIL_CHEM", , "20", "30", , "(48.64917 gC/100g); soil thickness 0.1 m", "43.6188", , , , "0.08966", , , , , , , , 
"CA-Mer", "28028", "GRP_SOIL_CHEM", , "30", "40", , "(50.2465 gC/100g); soil thickness 0.1 m", "54.4722", , , , "0.10841", , , , , , , , 
"CA-Mer", "28029", "GRP_SOIL_CHEM", , "450", "500", , "(48.61923 gC/100g); soil thickness 0.5 m", "199.905", , , , "0.0867538461538462", , , , , , , , 
"CA-Mer", "28030", "GRP_SOIL_CHEM", , "0", "10", , "(0.90700 gN/100g); soil thickeness 0.1 m", , , , "0.497127", , , , , , , , , 
"CA-Mer", "28031", "GRP_SOIL_CHEM", , "150", "200", , "(2.59718 gN/100g); soil thickeness 0.5m", , , , "10.2808", , , , , , , , , 
"CA-Mer", "28032", "GRP_SOIL_CHEM", , "250", "300", , "(1.53572 gN/100g); soil thickeness 0.5m", , , , "6.31121", , , , , , , , , 
"CA-Mer", "28373", "GRP_SOIL_CHEM", , "550", "600", , "soil thickness 0.5 m", , , , , "0.442691666666667", , , , , , , , 
"CA-Mer", "28374", "GRP_SOIL_CHEM", , "40", "50", , "(51.701 gC/100g); soil thickness 0.1 m", "51.7217", , , , "0.10004", , , , , , , , 
"CA-Mer", "28375", "GRP_SOIL_CHEM", , "150", "200", , "(50.50065 gC/100g); soil thickness 0.5 m", "199.905", , , , "0.0791692307692308", , , , , , , , 
"CA-Mer", "28376", "GRP_SOIL_CHEM", , "450", "500", , "(1.52600 gN/100g); soil thickeness 0.5m", , , , "13.0328", , , , , , , , , 
"CA-Mer", "28642", "GRP_SOIL_CHEM", , "350", "400", , "(47.60154 gC/100g); soil thickness 0.5 m", "42.3973", , , , "0.0794461538461538", , , , , , , , 
"CA-Mer", "28643", "GRP_SOIL_CHEM", , "200", "250", , "(2.86331 gN/100g); soil thickeness 0.5m", , , , "13.0328", , , , , , , , , 
"CA-Mer", "28709", "GRP_SOIL_CHEM", , "80", "90", , "(52.515 gC/100g); soil thickness 0.1 m", "43.3721", , , , "0.08259", , , , , , , , 
"CA-Mer", "28710", "GRP_SOIL_CHEM", , "80", "90", , "(1.20750 gN/100g); soil thickeness 0.1 m", , , , "0.997274", , , , , , , , , 
"CA-Mer", "28880", "GRP_SOIL_CHEM", , "60", "70", , "(52.072 gC/100g); soil thickness 0.1 m", "43.1469", , , , "0.08286", , , , , , , , 
"CA-Mer", "28881", "GRP_SOIL_CHEM", , "70", "80", , "(53.48667 gC/100g); soil thickness 0.1 m", "45.2123", , , , "0.08453", , , , , , , , 
"CA-Mer", "28882", "GRP_SOIL_CHEM", , "60", "70", , "(1.22150 gN/100g); soil thickeness 0.1 m", , , , "1.01213", , , , , , , , , 
"CA-Mer", "28883", "GRP_SOIL_CHEM", , "70", "80", , "(1.32000 gN/100g); soil thickeness 0.1 m", , , , "1.1158", , , , , , , , , 
"CA-Mer", "29242", "GRP_SOIL_CHEM", , "250", "300", , "(47.78954 gC/100g); soil thickness 0.5 m", "196.397", , , , "0.0821923076923077", , , , , , , , 
"CA-Mer", "29243", "GRP_SOIL_CHEM", , "20", "30", , "(1.29817 gN/100g); soil thickeness 0.1 m", , , , "1.16394", , , , , , , , , 
"CA-Mer", "29244", "GRP_SOIL_CHEM", , "40", "50", , "(1.16883 gN/100g); soil thickeness 0.1 m", , , , "1.1693", , , , , , , , , 
"CA-Mer", "29356", "GRP_SOIL_CHEM", , "100", "150", , "(49.28604 gC/100g); soil thickness 0.5 m", "185.556", , , , "0.0752977777777778", , , , , , , , 
"CA-Mer", "29357", "GRP_SOIL_CHEM", , "200", "250", , "(49.71872 gC/100g); soil thickness 0.5 m", "226.303", , , , "0.0910333333333334", , , , , , , , 
"CA-Mer", "29358", "GRP_SOIL_CHEM", , "300", "350", , "(48.6523076923077 gC/100g); soil thickness 0.5 m", "188.893", , , , "0.07765", , , , , , , , 
"CA-Mer", "29359", "GRP_SOIL_CHEM", , "30", "40", , "(1.40050 gN/100g); soil thickeness 0.1 m", , , , "1.51828", , , , , , , , , 
"CA-Mer", "29360", "GRP_SOIL_CHEM", , "300", "350", , "(2.56277 gN/100g); soil thickeness 0.5m", , , , "9.94995", , , , , , , , , 
"CA-Mer", "29568", "GRP_SOIL_CHEM", , "50", "60", , "(52.1345 gC/100g); soil thickness 0.1 m", "46.8898", , , , "0.08994", , , , , , , , 
"CA-NS1", "23650", "GRP_SOIL_CHEM", , "0", "11", "Organic", ":
g dwt /cm-3", , , , , "0.05", , , , , , , , 
"CA-NS1", "23793", "GRP_SOIL_CHEM", , "0", "3", "B", , "63.8", , "7", , "0.72", , , , , , , , 
"CA-NS1", "24548", "GRP_SOIL_CHEM", , "0", "3", "A", , "75.7", , , , "0.7", , , , , , , , 
"CA-NS1", "24664", "GRP_SOIL_CHEM", , "0", "17", "Total", "O,A and B Horizons Only;  O,A and B Horizons Only", "165.3", , , , , , , , , , , , 
"CA-NS1", "24805", "GRP_SOIL_CHEM", , "0", "11", "Organic", , "25.8", , , , , , , , , , , , 
"CA-NS1", "24943", "GRP_SOIL_CHEM", , "0", "3", "A", ":
field measured", , , "5.4", , , , , , , , , , 
"CA-NS2", "23921", "GRP_SOIL_CHEM", , "0", "36", "B", , "45.6", , , , "1.08", , , , , , , , 
"CA-NS2", "24416", "GRP_SOIL_CHEM", , "0", "12", "Organic", , "36.8", , , , "0.08", , , , , , , , 
"CA-NS2", "24939", "GRP_SOIL_CHEM", , "0", "18", "A", , "46.3", , "6.2", , "0.93", , , , , , , , 
"CA-NS2", "25056", "GRP_SOIL_CHEM", , "0", "66", "Total", "O,A and B Horizons Only;  O,A and B Horizons Only", "128.7", , , , , , , , , , , , 
"CA-NS3", "23794", "GRP_SOIL_CHEM", , "0", "5", "B", , "4.2", , "6", , "1.23", , , , , , , , 
"CA-NS3", "23910", "GRP_SOIL_CHEM", , "0", "24", "Total", "O,A and B Horizons Only;  O,A and B Horizons Only", "36.4", , , , , , , , , , , , 
"CA-NS3", "23915", "GRP_SOIL_CHEM", , "0", "6", "Organic", , "10.9", , , , "0.05", , , , , , , , 
"CA-NS3", "24166", "GRP_SOIL_CHEM", , "0", "13", "A", , "21.3", , "5.8", , "1.16", , , , , , , , 
"CA-NS5", "23780", "GRP_SOIL_CHEM", , "0", "125", "Total", "O,A and B Horizons Only;  O,A and B Horizons Only", "128.8", , , , , , , , , , , , 
"CA-NS5", "23785", "GRP_SOIL_CHEM", , "0", "5", "Organic", , "19.2", , , , "0.09", , , , , , , , 
"CA-NS5", "24293", "GRP_SOIL_CHEM", , "0", "70", "A", , "20.9", , "5.6", , "0.05", , , , , , , , 
"CA-NS5", "24674", "GRP_SOIL_CHEM", , "0", "50", "B", , "88.7", , "7.8", , "1.25", , , , , , , , 
"CA-NS6", "23916", "GRP_SOIL_CHEM", , "0", "3", "Organic", , "3.7", , , , "0.09", , , , , , , , 
"CA-NS6", "24549", "GRP_SOIL_CHEM", , "0", "9", "A", , "17.5", , "5.6", , "0.03", , , , , , , , 
"CA-NS6", "24675", "GRP_SOIL_CHEM", , "0", "16", "B", , "22.3", , "5.4", , "1.05", , , , , , , , 
"CA-NS6", "24801", "GRP_SOIL_CHEM", , "0", "28", "Total", "O,A and B Horizons Only;  O,A and B Horizons Only", "43.5", , , , , , , , , , , , 
"CA-NS7", "23659", "GRP_SOIL_CHEM", , "0", "15", "B", , "33.8", , "5.8", , "1.51", , , , , , , , 
"CA-NS7", "24167", "GRP_SOIL_CHEM", , "0", "9", "A", , "23.7", , "5.1", , "0.65", , , , , , , , 
"CA-NS7", "24289", "GRP_SOIL_CHEM", , "0", "3", "Organic", , "3.9", , , , "0.029", , , , , , , , 
"CA-NS7", "25057", "GRP_SOIL_CHEM", , "0", "27", "Total", "O,A and B Horizons Only;  O,A and B Horizons Only", "61.4", , , , , , , , , , , , 
"CA-Oas", "27107", "GRP_SOIL_CHEM", , "-7.2", "-4.2", "F", "(39.246 gC/100g); sigma is in gC/100g; soil thickness 0.03 m; measured by BOREAS", "25.9024", "1993", , , "0.22", "19.6", , , , , , , 
"CA-Oas", "27108", "GRP_SOIL_CHEM", , "21.2", "69", "B", "(0.408 gC/100g); sigma is in gC/100g; soil thickness 0.48 m; measured by BOREAS", "29.7677", "1993", , , "1.52", "1.3", , , , , , , 
"CA-Oas", "27109", "GRP_SOIL_CHEM", , "69", "82.5", "C", "(0.02875 gN/100g); sigma is in gN/100g; soil thickness 0.14 m; measured by BOREAS", , "1993", , "0.5796", , , "0.1", , , , , , 
"CA-Oas", "27110", "GRP_SOIL_CHEM", , "-4.2", "0", "H", "soil thickness 0.04 m; measured by BOREAS", , "1993", "6.52", , , , , "0.36", , , , , 
"CA-Oas", "27410", "GRP_SOIL_CHEM", , "0", "21.2", "A", "(0.756 gC/100g); sigma is in gC/100g; soil thickness 0.0212 m; measured by BOREAS", "20.9563", "1993", , , "1.32", "2.4", , , , , , , 
"CA-Oas", "27411", "GRP_SOIL_CHEM", , "-4.2", "0", "H", "(33.588 gC/100g); sigma is in gC/100g; soil thickness 0.04 m; measured by BOREAS", "52.3973", "1993", , , "0.39", "12.5", , , , , , , 
"CA-Oas", "27651", "GRP_SOIL_CHEM", , "-9.6", "-7.2", "L", "(43.382 gC/100g); sigma is in gC/100g; soil thickness 0.06 m; measured by BOREAS", "36.4409", "1993", , , "0.14", "5", , , , , , , 
"CA-Oas", "27652", "GRP_SOIL_CHEM", , "69", "82.5", "C", "(2.0525 gC/100g); sigma is in gC/100g; soil thickness 0.14 m; measured by BOREAS", "41.3784", "1993", , , "1.44", "12.2", , , , , , , 
"CA-Oas", "27752", "GRP_SOIL_CHEM", , "0", "21.2", "A", "(0.0542 gN/100g); sigma is in gN/100g; soil thickness 0.212 m; measured by BOREAS", , "1993", , "1.50242", , , "0.1", , , , , , 
"CA-Oas", "28020", "GRP_SOIL_CHEM", , "69", "82.5", "C", "soil thickness 0.14 m; measured by BOREAS", , "1993", "8.225", , , , , "0.29", , , , , 
"CA-Oas", "28637", "GRP_SOIL_CHEM", , "-9.6", "-7.2", "L", "soil thickness 0.06 m; measured by BOREAS", , "1993", "6.56", , , , , "0.18", , , , , 
"CA-Oas", "28638", "GRP_SOIL_CHEM", , "21.2", "69", "B", "soil thickness 0.48 m; measured by BOREAS", , "1993", "6.33", , , , , "0.29", , , , , 
"CA-Oas", "28704", "GRP_SOIL_CHEM", , "-4.2", "0", "H", "(2.065 gN/100g); sigma is in gN/100g; soil thickness 0.04 m; measured by BOREAS", , "1993", , "3.2214", , , "1.1", , , , , , 
"CA-Oas", "28875", "GRP_SOIL_CHEM", , "-7.2", "-4.2", "F", "(2.1316 gN/100g); sigma is in gN/100g; soil thickness 0.03 m; measured by BOREAS", , "1993", , "1.40686", , , "1", , , , , , 
"CA-Oas", "28876", "GRP_SOIL_CHEM", , "-9.6", "-7.2", "L", "(2.11 gN/100g); sigma is in gN/100g; soil thickness 0.06 m; measured by BOREAS", , "1993", , "1.7724", , , "0.8", , , , , , 
"CA-Oas", "28877", "GRP_SOIL_CHEM", , "21.2", "69", "B", "(0.0372 gN/100g); sigma is in gN/100g; soil thickness 0.48 m; measured by BOREAS", , "1993", , "2.71411", , , "0.1", , , , , , 
"CA-Oas", "29349", "GRP_SOIL_CHEM", , "0", "21.2", "A", "soil thickness 0.21 m; measured by BOREAS", , "1993", "6.42", , , , , "0.31", , , , , 
"CA-Oas", "29350", "GRP_SOIL_CHEM", , "-7.2", "-4.2", "F", "soil thickness 0.03 m; measured by BOREAS", , "1993", "6.48", , , , , "0.28", , , , , 
"CA-Obs", "25714", "GRP_SOIL_CHEM", , "5", "17", "Bt", "soil thickness 0.12; measured by BOREAS", , "1994", "4.9", , , , , , , , , , 
"CA-Obs", "25834", "GRP_SOIL_CHEM", , "-20", "0", "peat", "soil thickness 0.2; measured by BOREAS", , "1994", "6.31666666666667", , , , , , , , , , 
"CA-Obs", "25835", "GRP_SOIL_CHEM", , "2", "5", "AB", "soil thickness 0.03; measured by BOREAS", , "1994", "4.3", , , , , , , , , , 
"CA-Obs", "26113", "GRP_SOIL_CHEM", , "17", "42", "Bfj", "soil thickness 0.25; measured by BOREAS", , "1994", "5.8", , , , , , , , , , 
"CA-Obs", "26215", "GRP_SOIL_CHEM", , "0", "2", "Ae", "soil thickness 0.02; measured by BOREAS", , "1994", "4.3", , , , , , , , , , 
"CA-Obs", "26344", "GRP_SOIL_CHEM", , "-10", "-20", "peat", "soil thickness 0.1; measured by BOREAS", , "1994", "6.35", , , , , , , , , , 
"CA-Obs", "26468", "GRP_SOIL_CHEM", , "42", "72", "Ck", "soil thickness 0.30; measured by BOREAS", , "1994", "6.8", , , , , , , , , , 
"CA-Obs", "27656", "GRP_SOIL_CHEM", , "-10", "-20", "peat", "(1.028 gN/100g); soil thickness 0.1; measured by BOREAS", , "19050616", , "1.028", , , , , , , , , 
"CA-Obs", "28024", "GRP_SOIL_CHEM", , "-20", "0", "peat", "(1.3575 gN/100g); soil thickness 0.2; measured by BOREAS", , "19050616", , "1.3575", , , , , , , , , 
"CA-Obs", "28025", "GRP_SOIL_CHEM", , "42", "72", "Ck", "(0.0045 gN/100g); soil thickness 0.30; measured by BOREAS", , "19050616", , "0.2241", , , , , , , , , 
"CA-Obs", "28372", "GRP_SOIL_CHEM", , "5", "17", "Bt", "(0.022 gN/100g); soil thickness 0.12; measured by BOREAS", , "19050616", , "0.43824", , , , , , , , , 
"CA-Obs", "28707", "GRP_SOIL_CHEM", , "17", "42", "Bfj", "(0.14 gC/100g); soil thickness 0.25 m; measured by BOREAS", "5.81", "19050616", , , "1.66", , , , , , , , 
"CA-Obs", "28708", "GRP_SOIL_CHEM", , "0", "2", "Ae", "(0.06 gN/100g)oil thickness 0.02; measured by BOREAS", , "19050616", , "0.15", , , , , , , , , 
"CA-Obs", "28878", "GRP_SOIL_CHEM", , "-20", "0", "peat", "(45.772 gC/100g); soil thickness 0.2 m; measured by BOREAS", "457.72", "19050616", , , , , , , , , , , 
"CA-Obs", "28879", "GRP_SOIL_CHEM", , "42", "72", "Ck", "(0.085 gC/100g); soil thickness 0.30 m; measured by BOREAS", "4.233", "19050616", , , "1.66", , , , , , , , 
"CA-Obs", "29239", "GRP_SOIL_CHEM", , "0", "2", "Ae", "(1.7 gC/100g); soil thickness 0.02 m; measured by BOREAS", "4.25", "19050616", , , "1.25", , , , , , , , 
"CA-Obs", "29240", "GRP_SOIL_CHEM", , "5", "17", "Bt", "(0.46 gC/100g); soil thickness 0.12 m; measured by BOREAS", "9.1632", "19050616", , , "1.66", , , , , , , , 
"CA-Obs", "29241", "GRP_SOIL_CHEM", , "17", "42", "Bfj", "(0.005 gN/100g); soil thickness 0.25; measured by BOREAS", , "19050616", , "0.2075", , , , , , , , , 
"CA-Obs", "29354", "GRP_SOIL_CHEM", , "2", "5", "AB", "(1.03 gC/100g); soil thickness 0.03 m; measured by BOREAS", "4.6968", "19050616", , , "1.52", , , , , , , , 
"CA-Obs", "29355", "GRP_SOIL_CHEM", , "2", "5", "AB", "(0.042 gN/100g); soil thickness 0.03; measured by BOREAS", , "19050616", , "0.19152", , , , , , , , , 
"CA-Obs", "29567", "GRP_SOIL_CHEM", , "-10", "-20", "peat", "(43.45 gC/100g); soil thickness 0.1 m; measured by BOREAS", "43.45", "19050616", , , , , , , , , , , 
"CA-Ojp", "25248", "GRP_SOIL_CHEM", , "-4", "0", "LFH", "(25.7333333333333 gC/100g); soil thickness 0.04m; measured by BOREAS", "25.0128", "1993", , , , , , , , , , , 
"CA-Ojp", "25383", "GRP_SOIL_CHEM", , "0", "2", "Ae", "(1.23 gC/100g); soil thickness 0.02m; measured by BOREAS", "3.0135", "1993", , , , , , , , , , , 
"CA-Ojp", "25505", "GRP_SOIL_CHEM", , "5.7", "33.7", "Bm", "(0.15 gC/100g); soil thickness 0.28m; measured by BOREAS", "6.2286", "1993", , , , , , , , , , , 
"CA-Ojp", "26654", "GRP_SOIL_CHEM", , "2", "5.7", "AB", "(1.01 gC/100g); soil thickness 0.037m; measured by BOREAS", "5.40744", "1993", , , , , , , , , , , 
"CA-Ojp", "26655", "GRP_SOIL_CHEM", , "33.7", "83.3", "C1", "(0.05 gC/100g); soil thickness 0.496m; measured by BOREAS", "3.76216", "1993", , , , , , , , , , , 
"CA-Ojp", "27420", "GRP_SOIL_CHEM", , "-4", "0", "LFH", "(0.483 gN/100g); sigma is gN/100g; soil thickness 0.04m; measured by BOREAS", , "1993", , "0.469152", , , "1.5", , , , , , 
"CA-Ojp", "27662", "GRP_SOIL_CHEM", , "-4", "0", "LFH", "soil thickness 0.04m; measured by BOREAS", , "1993", "4.73333333333333", , "0.243", , , , "0.075", , , , 
"CA-Ojp", "27663", "GRP_SOIL_CHEM", , "33.7", "83.3", "C1", "soil thickness 0.496m; measured by BOREAS", , "1993", "5.8", , "1.517", , , , "0.041", , , , 
"CA-Ojp", "27664", "GRP_SOIL_CHEM", , "2", "5.7", "AB", "(0.029 gN/100g); sigma is gN/100g; soil thickness 0.037m; measured by BOREAS", , "1993", , "0.155263", , , "0.1", , , , , , 
"CA-Ojp", "27766", "GRP_SOIL_CHEM", , "0", "2", "Ae", "soil thickness 0.02m; measured by BOREAS", , "1993", "5.25", , "1.225", , , , "0.035", , , , 
"CA-Ojp", "28035", "GRP_SOIL_CHEM", , "5.7", "33.7", "Bm", "(0.013 gN/100g); sigma is gN/100g; soil thickness 0.28m; measured by BOREAS", , "1993", , "0.539812", , , , , , , , , 
"CA-Ojp", "28036", "GRP_SOIL_CHEM", , "33.7", "83.3", "C1", "(0.012 gN/100g); sigma is gN/100g; soil thickness 0.496m; measured by BOREAS", , "1993", , "0.902918", , , , , , , , , 
"CA-Ojp", "28381", "GRP_SOIL_CHEM", , "5.7", "33.7", "Bm", "soil thickness 0.28m; measured by BOREAS", , "1993", "5.8", , "1.483", , , , , , , , 
"CA-Ojp", "28382", "GRP_SOIL_CHEM", , "0", "2", "Ae", "(0.043 gN/100g); sigma is gN/100g; soil thickness 0.02m; measured by BOREAS", , "1993", , "0.10535", , , "0.1", , , , , , 
"CA-Ojp", "28717", "GRP_SOIL_CHEM", , "2", "5.7", "AB", "soil thickness 0.037m; measured by BOREAS", , "1993", "5.53333333333333", , "1.447", , , , "0.032", , , , 
"CA-Qfo", "25769", "GRP_SOIL_CHEM", , "27", "35", "Ae", "gN/100g not kg/m2; soil thickness 0.08m; measured by BOREAS", , "20050914", , "0.7", , , , , , , , , 
"CA-Qfo", "26006", "GRP_SOIL_CHEM", , "35", "68", "B", "gC/100g not kg/m2; soil thickness 0.33m; measured by BOREAS", "11.8", "20050914", , , , , , , , , , , 
"CA-Qfo", "26274", "GRP_SOIL_CHEM", , "27", "35", "Ae", "gC/100g not kg/m2; soil thickness 0.08m; measured by BOREAS", "20.7", "20050914", , , , , , , , , , , 
"CA-Qfo", "26399", "GRP_SOIL_CHEM", , "35", "68", "B", "gN/100g not kg/m2; soil thickness 0.33m; measured by BOREAS", , "20050914", , "0.4", , , , , , , , , 
"CA-SF1", "26916", "GRP_SOIL_CHEM", , , , , , , , , "1.43", , , , , , , , , 
"CA-SF2", "28831", "GRP_SOIL_CHEM", , , , , "+/-0.046", , , , "1.93", , , , , , , , , 
"CA-SF3", "27612", "GRP_SOIL_CHEM", , , , , "+/-0.027; 0-50cm depth", , , , "0.17", , , , , , , , , 
"CA-SJ1", "26842", "GRP_SOIL_CHEM", , "-0.3", "0", "LFH", "(19.98563 gC/100g); soil thickness 0.003m; measured followd Fluxnet-Canada protocol", "0.981645", "20050810", , , "0.323946296296296", , , , , , , , 
"CA-SJ1", "26989", "GRP_SOIL_CHEM", , "15", "25", , "(0.09744 gC/100g); soil thickness 0.1m; measured followd Fluxnet-Canada protocol", "1.40221", "20050810", , , "1.44373158948981", , , , , , , , 
"CA-SJ1", "27549", "GRP_SOIL_CHEM", , "5", "15", , "(0.33889 gC/100g); soil thickness 0.1m; measured followd Fluxnet-Canada protocol", "4.50908", "20050810", , , "1.3466065747614", , , , , , , , 
"CA-SJ1", "27550", "GRP_SOIL_CHEM", , "-0.3", "0", "LFH", "(0.53725 gN/100g); soil thickness 0.003m; measured followd Fluxnet-Canada protocol", , "20050810", , "0.032", , , , , , , , , 
"CA-SJ1", "27903", "GRP_SOIL_CHEM", , "5", "15", , "(0.0076 gN/100g); soil thickness 0.1m; measured followd Fluxnet-Canada protocol", , "20050810", , "0.076", , , , , , , , , 
"CA-SJ1", "28160", "GRP_SOIL_CHEM", , "15", "25", , "(0.0048 gN/100g); soil thickness 0.1m; measured followd Fluxnet-Canada protocol", , "20050810", , "0.048", , , , , , , , , 
"CA-SJ1", "28993", "GRP_SOIL_CHEM", , "0", "5", , "(1.67033 gC/100g); soil thickness 0.05m; measured followd Fluxnet-Canada protocol", "8.06045", "20050810", , , "1.07531518793449", , , , , , , , 
"CA-SJ1", "28994", "GRP_SOIL_CHEM", , "0", "5", , "(0.04893 gN/100g); soil thickness 0.05m; measured followd Fluxnet-Canada protocol", , "20050810", , "0.236", , , , , , , , , 
"CA-SJ2", "26843", "GRP_SOIL_CHEM", , "1500", "2500", , "(0.00670 gN/100g); soil thickness 10m; measured followed Fluxnet-Canada protocol", , "2002", , "0.113", , , , , , , , , 
"CA-SJ2", "27278", "GRP_SOIL_CHEM", , "-16.6667", "0", "LFH", "(8.66556 gC/100g); soil thickness 0.16667m; measured followed Fluxnet-Canada protocol", "1.06565", "2002", , , "0.0405876543209877", , , , , , , , 
"CA-SJ2", "27551", "GRP_SOIL_CHEM", , "0", "500", , "(1.33367 gC/100g); soil thickness 5m; measured followed Fluxnet-Canada protocol", "9.11844", "2002", , , "1.44135941810885", , , , , , , , 
"CA-SJ2", "28273", "GRP_SOIL_CHEM", , "-16.6667", "0", "LFH", "(0.16728 gN/100g); soil thickness 0.16667m; measured followed Fluxnet-Canada protocol", , "2002", , "0.0155", , , , , , , , , 
"CA-SJ2", "28502", "GRP_SOIL_CHEM", , "0", "500", , "(0.04096 gN/100g); soil thickness 5m; measured followed Fluxnet-Canada protocol", , "2002", , "0.281", , , , , , , , , 
"CA-SJ2", "28503", "GRP_SOIL_CHEM", , "500", "1500", , "(0.01357 gN/100g); soil thickness 10m; measured followed Fluxnet-Canada protocol", , "2002", , "0.211", , , , , , , , , 
"CA-SJ2", "28998", "GRP_SOIL_CHEM", , "500", "1500", , "(0.55333 gC/100g); soil thickness 10m; measured followed Fluxnet-Canada protocol", "8.35129", "2002", , , "1.57343867569601", , , , , , , , 
"CA-SJ2", "29463", "GRP_SOIL_CHEM", , "1500", "2500", , "(0 gC/100g); soil thickness 10m; measured followed Fluxnet-Canada protocol", "0", "2002", , , "1.66916227740156", , , , , , , , 
"CA-SJ3", "26705", "GRP_SOIL_CHEM", , "0", "7", "A", "(0.074 gN/100g); soil thickness 0.07m; measured by BOREAS", , "1993", , "0.63973", , , , , , , , , 
"CA-SJ3", "26706", "GRP_SOIL_CHEM", , "6", "23", "B", "(0.019 gN/100g); soil thickness 0.17m; measured by BOREAS", , "1993", , "0.509048", , , , , , , , , 
"CA-SJ3", "26846", "GRP_SOIL_CHEM", , "-1", "0", "LFH", "(0.612 gN/100g); soil thickness 0.01m; measured by BOREAS", , "1993", , "0.44064", , , , , , , , , 
"CA-SJ3", "27281", "GRP_SOIL_CHEM", , "-1", "0", "LFH", "soil thickness 0.01m; measured by BOREAS", , "1993", "5.13", , "0.72", , , , , , , , 
"CA-SJ3", "27282", "GRP_SOIL_CHEM", , "0", "7", "A", "soil thickness 0.07m; measured by BOREAS", , "1993", "5.35", , "1.235", , , , , , , , 
"CA-SJ3", "27283", "GRP_SOIL_CHEM", , "6", "23", "B", "soil thickness 0.17m; measured by BOREAS", , "1993", "5.47", , "1.576", , , , , , , , 
"CA-SJ3", "27284", "GRP_SOIL_CHEM", , "23", "53", "C", "soil thickness 0.30m; measured by BOREAS", , "1993", "5.47", , "1.655", , , , , , , , 
"CA-SJ3", "27557", "GRP_SOIL_CHEM", , "0", "7", "A", "(2.08 gC/100g); soil thickness 0.07m; measured by BOREAS", "17.9816", "1993", , , , , , , , , , , 
"CA-SJ3", "28277", "GRP_SOIL_CHEM", , "-1", "0", "LFH", "(22.07 gC/100g); soil thickness 0.01m; measured by BOREAS", "15.8904", "1993", , , , , , , , , , , 
"CA-SJ3", "28505", "GRP_SOIL_CHEM", , "23", "53", "C", "(0.011 gN/100g); soil thickness 0.30m; measured by BOREAS", , "1993", , "0.54615", , , , , , , , , 
"CA-SJ3", "28999", "GRP_SOIL_CHEM", , "6", "23", "B", "(0.31 gC/100g); soil thickness 0.17m; measured by BOREAS", "8.30552", "1993", , , , , , , , , , , 
"CA-SJ3", "29466", "GRP_SOIL_CHEM", , "23", "53", "C", "(0.07 gC/100g); soil thickness 0.30m; measured by BOREAS", "3.4755", "1993", , , , , , , , , , , 
"CA-TP1", "26716", "GRP_SOIL_CHEM", , "0", "20", , "pH (CaCl)", , "20060706", "6.3", , , , , , , , , , 
"CA-TP1", "28515", "GRP_SOIL_CHEM", , "0", "10", , , , "20060706", , "0.86", , , , , , , , , 
"CA-TP1", "28516", "GRP_SOIL_CHEM", , "10", "30", , "pH (CaCl)", , "20060706", "6", , , , , , , , , , 
"CA-TP1", "29005", "GRP_SOIL_CHEM", , "0", "20", , , , "20040702", , , "1.44", , , , , , , , 
"CA-TP1", "29117", "GRP_SOIL_CHEM", , "0", "55", , , "37", "20040702", , , , , , , , , , , 
"CA-TP2", "26858", "GRP_SOIL_CHEM", , "20", "30", , "pH (CaCl)", , "20060706", "4.9", , , , , , , , , , 
"CA-TP2", "28525", "GRP_SOIL_CHEM", , "0", "55", , , "33.9", "20040702", , , , , , , , , , , 
"CA-TP2", "28526", "GRP_SOIL_CHEM", , "0", "10", , , , "20060706", , "0.94", , , , , , , , , 
"CA-TP2", "28527", "GRP_SOIL_CHEM", , "0", "10", , "pH (CaCl)", , "20060706", "4.3", , , , , , , , , , 
"CA-TP2", "29474", "GRP_SOIL_CHEM", , "0", "20", , , , "20040702", , , "1.45", , , , , , , , 
"CA-TP3", "27009", "GRP_SOIL_CHEM", , "20", "30", , "pH (CaCl)", , "20060706", "4.2", , , , , , , , , , 
"CA-TP3", "27922", "GRP_SOIL_CHEM", , "0", "20", , , , "20040702", , , "1.33", , , , , , , , 
"CA-TP3", "27923", "GRP_SOIL_CHEM", , "0", "55", , , "36.4", "20040702", , , , , , , , , , , 
"CA-TP3", "29012", "GRP_SOIL_CHEM", , "0", "10", , , , "20060706", , "0.67", , , , , , , , , 
"CA-TP3", "29127", "GRP_SOIL_CHEM", , "0", "10", , "pH (CaCl)", , "20060706", "3.7", , , , , , , , , , 
"CA-TP4", "25382", "GRP_SOIL_CHEM", , "0", "20", , , , "20040702", , , "1.35", , , , , , , , 
"CA-TP4", "25486", "GRP_SOIL_CHEM", , "0", "55", , , "36.7", "20040702", , , , , , , , , , , 
"CA-TP4", "25760", "GRP_SOIL_CHEM", , "0", "10", , "pH (CaCl)", , "20060706", "4.1", , , , , , , , , , 
"CA-TP4", "25873", "GRP_SOIL_CHEM", , "0", "10", , , , "20060706", , "0.67", , , , , , , , , 
"CA-TP4", "25987", "GRP_SOIL_CHEM", , "20", "30", , "pH (CaCl)", , "20060706", "4.2", , , , , , , , , , 
"CA-WP1", "25223", "GRP_SOIL_CHEM", , "1000", "2000", , "soil thickness 9.941cm; The peat was sampled to a depth of approximately 2 m, until the mineral substrate was reached", , , , , "0.0402649699324351", , , , , , , , 
"CA-WP1", "25224", "GRP_SOIL_CHEM", , "4000", "5000", , "(48.0407916666667 gc/100g); soil thickness 9.37275cm; Peat profile, analyzed using elemental analyzer (Carla Erba NC2500) and quantified using a gas isotope ratio mass spectrometer (Delta Plus, Finnigan Mat, San Jose, CA, USA)", "20.4595", , , , , , , , , , , , 
"CA-WP1", "25225", "GRP_SOIL_CHEM", , "5000", "10000", , "(46.905 gc/100g); soil thickness 50cm; Peat profile, analyzed using elemental analyzer (Carla Erba NC2500) and quantified using a gas isotope ratio mass spectrometer (Delta Plus, Finnigan Mat, San Jose, CA, USA)", "143.635", , , , , , , , , , , , 
"CA-WP1", "25226", "GRP_SOIL_CHEM", , "10000", "15000", , "(45.97 gc/100g); soil thickness 50cm; Peat profile, analyzed using elemental analyzer (Carla Erba NC2500) and quantified using a gas isotope ratio mass spectrometer (Delta Plus, Finnigan Mat, San Jose, CA, USA)", "184.677", , , , , , , , , , , , 
"CA-WP1", "25374", "GRP_SOIL_CHEM", , "0", "1000", , "soil thickness 10.224cm; The peat was sampled to a depth of approximately 2 m, until the mineral substrate was reached", , , , , "0.0212162260831936", , , , , , , , 
"CA-WP1", "25487", "GRP_SOIL_CHEM", , "5000", "10000", , "soil thickness 50cm; The peat was sampled to a depth of approximately 2 m, until the mineral substrate was reached", , , , , "0.061015944438", , , , , , , , 
"CA-WP1", "25488", "GRP_SOIL_CHEM", , "4000", "5000", , "(1.62920833333333 gN/100g); soil thickness 9.37275 cm; Peat profile, analyzed using elemental analyzer (Carla Erba NC2500) and quantified using a gas isotope ratio mass spectrometer (Delta Plus, Finnigan Mat, San Jose, CA, USA)", , , , "0.75315", , , , , , , , , 
"CA-WP1", "25636", "GRP_SOIL_CHEM", , "10000", "15000", , "soil thickness 50cm; The peat was sampled to a depth of approximately 2 m, until the mineral substrate was reached", , , , , "0.078560102493", , , , , , , , 
"CA-WP1", "25638", "GRP_SOIL_CHEM", , "0", "1000", , "(0.785 gN/100g);  soil thickness 10.224 cm; Peat profile, analyzed using elemental analyzer (Carla Erba NC2500) and quantified using a gas isotope ratio mass spectrometer (Delta Plus, Finnigan Mat, San Jose, CA, USA)", , , , "0.161665", , , , , , , , , 
"CA-WP1", "25639", "GRP_SOIL_CHEM", , "1000", "2000", , "(1.03316666666667 gN/100g); soil thickness 9.941 cm; Peat profile, analyzed using elemental analyzer (Carla Erba NC2500) and quantified using a gas isotope ratio mass spectrometer (Delta Plus, Finnigan Mat, San Jose, CA, USA)", , , , "0.495956", , , , , , , , , 
"CA-WP1", "25640", "GRP_SOIL_CHEM", , "3000", "4000", , "(1.4575 gN/100g); soil thickness 10.79225 m; Peat profile, analyzed using elemental analyzer (Carla Erba NC2500) and quantified using a gas isotope ratio mass spectrometer (Delta Plus, Finnigan Mat, San Jose, CA, USA)", , , , "1.11057", , , , , , , , , 
"CA-WP1", "25749", "GRP_SOIL_CHEM", , "3000", "4000", , "soil thickness 10.79225cm; The peat was sampled to a depth of approximately 2 m, until the mineral substrate was reached", , , , , "0.0634654693037567", , , , , , , , 
"CA-WP1", "25750", "GRP_SOIL_CHEM", , "0", "1000", , "(46.304375 gc/100g); soil thickness 10.224cm; Peat profile, analyzed using elemental analyzer (Carla Erba NC2500) and quantified using a gas isotope ratio mass spectrometer (Delta Plus, Finnigan Mat, San Jose, CA, USA)", "9.81808", , , , , , , , , , , , 
"CA-WP1", "25751", "GRP_SOIL_CHEM", , "2000", "3000", , "(45.7877083333333 gc/100g); soil thickness 9.499cm; Peat profile, analyzed using elemental analyzer (Carla Erba NC2500) and quantified using a gas isotope ratio mass spectrometer (Delta Plus, Finnigan Mat, San Jose, CA, USA)", "25.9309", , , , , , , , , , , , 
"CA-WP1", "25856", "GRP_SOIL_CHEM", , "1000", "2000", , "(44.9015 gc/100g); soil thickness 9.941cm; Peat profile, analyzed using elemental analyzer (Carla Erba NC2500) and quantified using a gas isotope ratio mass spectrometer (Delta Plus, Finnigan Mat, San Jose, CA, USA)", "18.4904", , , , , , , , , , , , 
"CA-WP1", "25857", "GRP_SOIL_CHEM", , "3000", "4000", , "(46.317625 gc/100g); soil thickness 10.79225cm; Peat profile, analyzed using elemental analyzer (Carla Erba NC2500) and quantified using a gas isotope ratio mass spectrometer (Delta Plus, Finnigan Mat, San Jose, CA, USA)", "32.2787", , , , , , , , , , , , 
"CA-WP1", "25858", "GRP_SOIL_CHEM", , "5000", "10000", , "(1.461 gN/100g); soil thickness 50 cm;  Peat profile, analyzed using elemental analyzer (Carla Erba NC2500) and quantified using a gas isotope ratio mass spectrometer (Delta Plus, Finnigan Mat, San Jose, CA, USA)", , , , "4.53037", , , , , , , , , 
"CA-WP1", "26249", "GRP_SOIL_CHEM", , "10000", "15000", , "(1.533 gN/100g); soil thickness 50 cm;  Peat profile, analyzed using elemental analyzer (Carla Erba NC2500) and quantified using a gas isotope ratio mass spectrometer (Delta Plus, Finnigan Mat, San Jose, CA, USA)", , , , "6.21404", , , , , , , , , 
"CA-WP1", "26378", "GRP_SOIL_CHEM", , "2000", "3000", , "soil thickness 9.499cm; The peat was sampled to a depth of approximately 2 m, until the mineral substrate was reached", , , , , "0.0606787482263223", , , , , , , , 
"CA-WP1", "26498", "GRP_SOIL_CHEM", , "15000", "19000", , "soil thickness 40cm; The peat was sampled to a depth of approximately 2 m, until the mineral substrate was reached", , , , , "0.0928731313975", , , , , , , , 
"CA-WP1", "26499", "GRP_SOIL_CHEM", , "2000", "3000", , "(1.35479166666667 gN/100g);soil thickness 9.499 cm;  Peat profile, analyzed using elemental analyzer (Carla Erba NC2500) and quantified using a gas isotope ratio mass spectrometer (Delta Plus, Finnigan Mat, San Jose, CA, USA)", , , , "0.824899", , , , , , , , , 
"CA-WP1", "26635", "GRP_SOIL_CHEM", , "4000", "5000", , "soil thickness 9.3275cm; The peat was sampled to a depth of approximately 2 m, until the mineral substrate was reached", , , , , "0.0472316856758546", , , , , , , , 
"CA-WP1", "26637", "GRP_SOIL_CHEM", , "15000", "19000", , "(45.01 gc/100g); soil thickness 40cm; Peat profile, analyzed using elemental analyzer (Carla Erba NC2500) and quantified using a gas isotope ratio mass spectrometer (Delta Plus, Finnigan Mat, San Jose, CA, USA)", "164.381", , , , , , , , , , , , 
"CA-WP1", "26638", "GRP_SOIL_CHEM", , "15000", "19000", , "(1.395 gN/100g); soil thickness 40 cm;  Peat profile, analyzed using elemental analyzer (Carla Erba NC2500) and quantified using a gas isotope ratio mass spectrometer (Delta Plus, Finnigan Mat, San Jose, CA, USA)", , , , "5.19905", , , , , , , , , 
"CR-Lse", "24413", "GRP_SOIL_CHEM", , , , "Total", "(range 19.1-28.5) 191-285 Mg C ha-¹
", "238", , , , , , , , , , , , 
"US-ARb", "24940", "GRP_SOIL_CHEM", "6.6", "0", "30.48", "A", "Topsoil (A-Horizons) depth (cm) 0-10 /10-20 / 20-30
Bulk density g cm-3         1.06 / 1.31 / 1.35
    1.238; A--0 to 12 inches; brown (7.5YR 4/2) silt loam, dark brown (7.5YR 3/2) moist; moderate fine granular structure; slightly hard, friable; many fine roots; moderately acid; gradual smooth boundary. (6 to 16 inches thick)
http://ortho.ftw.nrcs.usda.gov/osd/dat/N/NORGE.html; inch = 2.54 cm", , , , , "1.238", , , , , , , , 
"US-ARb", "25066", "GRP_SOIL_CHEM", "6.6", "0", "137.16", "B", "30-75+ cm;  
BA--12 to 18 inches;
Bt1--18 to 36 inches; 
Bt2--36 to 48 inches;
Bt3--48 to 66 inches;
", , , , , "1.5", , , , , , , , 
"US-ARc", "23935", "GRP_SOIL_CHEM", , "0", "30.48", "A", "2005 preburn
 Topsoil (A-Horizons)/ Organic carbon stock
depth (cm) // kg m-2  
0-10          2.81 
10-20       1.76 
20-30       1.51 
6.08        
2005 postburn
Topsoil (A-Horizons) / Organic carbon stock 
depth (cm) kg m-2
 0-10  2.81
 10-20  1.76
 20-30  1.48
6.05; A--0 to 12 inches; brown (7.5YR 4/2) silt loam, dark brown (7.5YR 3/2) moist; moderate fine granular structure; slightly hard, friable; many fine roots; moderately acid; gradual smooth boundary. (6 to 16 inches thick)
http://ortho.ftw.nrcs.usda.gov/osd/dat/N/NORGE.html; inch = 2.54 cm", "60.65", , , , , , , , , , , , 
"US-ARc", "24414", "GRP_SOIL_CHEM", , "0", "167.64", "Total", "Diagnostic horizons and features recognized in this pedon are:
Mollic epipedon - the zone from the surface of the soil to a depth of 18 inches (A horizon and BA horizon).
Argillic horizon - the zone from 18 inches to a depth of 66 inches (Bt horizons).
http://ortho.ftw.nrcs.usda.gov/osd/dat/N/NORGE.html; inch = 2.54 cm", "133.8", , , , , , , , , , , , 
"US-ARc", "24434", "GRP_SOIL_CHEM", , "0", "137.16", "B", "2005 preburn
Topsoil (A-Horizons)/depth (cm)/30-40/40-50/50-75/75+
Organic carbon stock/kg m-2/   1.33 /  1.41 / 2.69 /   1.88 
Sum 7.30
2005 postburn
Topsoil (A-Horizons)/depth (cm)/30-40/40-50/50-75/75+
Organic carbon stock/kg m-2    /1.35    / 1.26 / 2.73 / 1.98
 Sum 7.32    ; 30-75+ cm;  
BA--12 to 18 inches;
Bt1--18 to 36 inches; 
Bt2--36 to 48 inches;
Bt3--48 to 66 inches;
http://ortho.ftw.nrcs.usda.gov/osd/dat/N/NORGE.html;", "73.1", , , , , , , , , , , , 
"US-ARc", "24676", "GRP_SOIL_CHEM", "6.3", "0", "137.16", "B", "30-75+ cm;  
BA--12 to 18 inches;
Bt1--18 to 36 inches; 
Bt2--36 to 48 inches;
Bt3--48 to 66 inches;
http://ortho.ftw.nrcs.usda.gov/osd/dat/N/NORGE.html;", , , , , "1.3", , , , , , , , 
"US-ARc", "25062", "GRP_SOIL_CHEM", "6.4", "0", "30.48", "A", "Topsoil (A-Horizons) depth (cm) 0-10 /10-20 / 20-30
Bulk density g cm-3         1.176 / 1.30 / 1.32; A--0 to 12 inches; brown (7.5YR 4/2) silt loam, dark brown (7.5YR 3/2) moist; moderate fine granular structure; slightly hard, friable; many fine roots; moderately acid; gradual smooth boundary. (6 to 16 inches thick)
http://ortho.ftw.nrcs.usda.gov/osd/dat/N/NORGE.html; inch = 2.54 cm", , , , , "1.26333", , , , , , , , 
"US-ARM", "23828", "GRP_SOIL_CHEM", , "5", "25", "Total", , , "20020331", , , "1.0", , , , , , , , 
"US-ARM", "24464", "GRP_SOIL_CHEM", , "0", "25", "Total", , "1500", "20020331", , , , , , , , , , , 
"US-Atq", "24059", "GRP_SOIL_CHEM", , "0", "5", "Total", "from Chien-Lu Ping and Gary J. Michaelson", "29.6", "19990630", "4.38", "0.56", "0.1365", , , , , , , , 
"US-Atq", "24209", "GRP_SOIL_CHEM", , "18", "28", "Total", "from Chien-Lu Ping and Gary J. Michaelson", "32.6", "19990630", "5.03", "1.3", "1.51", , , , , , , , 
"US-Atq", "24591", "GRP_SOIL_CHEM", , "12", "18", "Total", "from Chien-Lu Ping and Gary J. Michaelson", "35.4", "19990630", "4.8", "1.9", "1.31", , , , , , , , 
"US-Atq", "24592", "GRP_SOIL_CHEM", , "28", "40", "Total", "from Chien-Lu Ping and Gary J. Michaelson", "172", "19990630", , "8.9", "0.97", , , , , , , , 
"US-Atq", "24976", "GRP_SOIL_CHEM", , "40", "60", "Total", "from Chien-Lu Ping and Gary J. Michaelson", "119.5", "19990630", "4.83", "6.9", "0.97", , , , , , , , 
"US-Atq", "25109", "GRP_SOIL_CHEM", , "5", "12", "Total", "from Chien-Lu Ping and Gary J. Michaelson", "23.1", "19990630", "4.53", "0.96", "1.46", , , , , , , , 
"US-Bar", "23725", "GRP_SOIL_CHEM", , "10", "30", , "mineral", "5", "20040729", , , , , , , , , , , 
"US-Bar", "24094", "GRP_SOIL_CHEM", , , , , "Forest floor", "18", "20040729", , , , , , , , , , , 
"US-Bar", "24754", "GRP_SOIL_CHEM", , "0", "10", , "mineral soil", "11", "20040729", , , , , , , , , , , 
"US-Blo", "24433", "GRP_SOIL_CHEM", , "0", "10", "A", , , , , , "0.76", , , , , , , , 
"US-Bo1", "24810", "GRP_SOIL_CHEM", , , , "A", "Meyers et al 2004:  Measurements of soil bulk density average ≈1.4Mgm−3.", , , , , "1.4", , , , , , , , 
"US-Bo1", "24811", "GRP_SOIL_CHEM", , , , "B", "Meyers et al 2004:  Measurements of soil bulk density average ≈1.4Mgm−3.", , , , , "1.4", , , , , , , , 
"US-Bo2", "24677", "GRP_SOIL_CHEM", , , , "B", "Meyers et al 2004:  Measurements of soil bulk density average ≈1.4Mgm−3.", , , , , "1.4", , , , , , , , 
"US-Bo2", "25063", "GRP_SOIL_CHEM", , , , "A", "Meyers et al 2004:  Measurements of soil bulk density average ≈1.4Mgm−3.", , , , , "1.4", , , , , , , , 
"US-Brw", "24060", "GRP_SOIL_CHEM", , "35", "44", "Total", "from Chien-Lu Ping and Gary J. Michaelson", "99.8", "19990630", "5.92", "5.1", "0.34", , , , , , , , 
"US-Brw", "24210", "GRP_SOIL_CHEM", , "10", "18", "Total", "from Chien-Lu Ping and Gary J. Michaelson", "30.4", "19990630", "5.83", "1.85", "1.43", , , , , , , , 
"US-Brw", "24329", "GRP_SOIL_CHEM", , "33", "35", "Total", "from Chien-Lu Ping and Gary J. Michaelson", "15.7", "19990630", "5.91", "0.9", "0.75", , , , , , , , 
"US-Brw", "24330", "GRP_SOIL_CHEM", , "44", "60", "Total", "from Chien-Lu Ping and Gary J. Michaelson", "15.3", "19990630", "8.16", "2.3", "0.39", , , , , , , , 
"US-Brw", "24593", "GRP_SOIL_CHEM", , "5", "10", "Total", "from Chien-Lu Ping and Gary J. Michaelson", "57.8", "19990630", "5.8", "3.8", "0.93", , , , , , , , 
"US-Brw", "24594", "GRP_SOIL_CHEM", , "18", "33", "Total", "from Chien-Lu Ping and Gary J. Michaelson", "33.6", "19990630", "5.9", "1.8", "1.32", , , , , , , , 
"US-Brw", "24977", "GRP_SOIL_CHEM", , "0", "5", "Total", "from Chien-Lu Ping and Gary J. Michaelson", "27.4", "19990630", "5.41", "1.4", "0.148", , , , , , , , 
"US-Dk2", "23660", "GRP_SOIL_CHEM", , "0", "92", "B", "/Bulk density
BE/1.43
Bt/1.38
Bt/1.54
B/1.49
D.D. Richter / Geoderma 126 (2005) 5–25 description ENON Series; BE/0.48
Bt/0.8
Bt/1.15
B/1.4
D.D. Richter / Geoderma 126 (2005) 5–25 description ENON Series", , , , , "1.46", , , , , , , , 
"US-Dk2", "23918", "GRP_SOIL_CHEM", , "0", "20.32", "A", "A 4.85; E 5.10 N.-H. Oh,  D.D. Richter / Geoderma 126 (2005) 5–25 description ENON Series; A--0 to 3 inches; dark grayish brown (10YR 4/2) fine sandy loam; ...strongly acid; clear smooth boundary. (2 to 9 inches thick)
E--3 to 8 inches; yellowish brown (10YR 5/4) fine sandy loam; ...moderately acid; clear wavy boundary. (0 to 7 inches thick)
source:  description ENON Series", , , "4.975", , , , , , , , , , 
"US-Dk2", "24419", "GRP_SOIL_CHEM", "6.04", "0", "20.32", "A", "A 5.85; E 6.23 N.-H. Oh, D.D. Richter / Geoderma 126 (2005) 5–25 description ENON Series; A--0 to 3 inches; dark grayish brown (10YR 4/2) fine sandy loam; ...strongly acid; clear smooth boundary. (2 to 9 inches thick)
E--3 to 8 inches; yellowish brown (10YR 5/4) fine sandy loam; ...moderately acid; clear wavy boundary. (0 to 7 inches thick)
source:  description ENON Series", , , , , , , , , , , , , 
"US-Dk2", "24435", "GRP_SOIL_CHEM", , "0", "20.32", "A", "A 2.48; E 1.10;    (%C) N.-H. Oh, D.D. Richter / Geoderma 126 (2005) 5–25 description ENON Series; A--0 to 3 inches; dark grayish brown (10YR 4/2) fine sandy loam; ...strongly acid; clear smooth boundary. (2 to 9 inches thick)
E--3 to 8 inches; yellowish brown (10YR 5/4) fine sandy loam; ...moderately acid; clear wavy boundary. (0 to 7 inches thick)
source:  description ENON Series", "17.9", , , , , , , , , , , , 
"US-Dk2", "24554", "GRP_SOIL_CHEM", "5.9", "0", "92", "B", "/pHw  
BE/5.75
Bt/5.83
Bt/6.26
B/5.82
D.D. Richter / Geoderma 126 (2005) 5–25 description ENON Series; BE/0.48
Bt/0.8
Bt/1.15
B/1.4
D.D. Richter / Geoderma 126 (2005) 5–25 description ENON Series", , , , , , , , , , , , , 
"US-Dk2", "24941", "GRP_SOIL_CHEM", , "0", "20.32", "A", "A 1.15; E 1.29 N.-H. Oh, D.D. Richter / Geoderma 126 (2005) 5–25 description ENON Series; A--0 to 3 inches; dark grayish brown (10YR 4/2) fine sandy loam; ...strongly acid; clear smooth boundary. (2 to 9 inches thick)
E--3 to 8 inches; yellowish brown (10YR 5/4) fine sandy loam; ...moderately acid; clear wavy boundary. (0 to 7 inches thick)
source:  description ENON Series", , , , , "1.22", , , , , , , , 
"US-Dk3", "26693", "GRP_SOIL_CHEM", , "140", "75", "BC", "Oh, N.H. and D.D. Richter. Elemental translocation and loss from three highly weathered soil-bedrock profiles in the southeastern United States.  Geoderma 126 (5-25)", , , "4.9", , , , , , , , , , 
"US-Dk3", "26831", "GRP_SOIL_CHEM", , "225", "275", "C", "Oh, N.H. and D.D. Richter. Elemental translocation and loss from three highly weathered soil-bedrock profiles in the southeastern United States.  Geoderma 126 (5-25)", , , "5.04", , , , , , , , , , 
"US-Dk3", "26970", "GRP_SOIL_CHEM", , "80", "115", "Bt", "Oh, N.H. and D.D. Richter. Elemental translocation and loss from three highly weathered soil-bedrock profiles in the southeastern United States.  Geoderma 126 (5-25)", , , "5.24", , , , , , , , , , 
"US-Dk3", "26971", "GRP_SOIL_CHEM", , , , , "Schlesinger and Lichter (2001) Nature. Reference: Lichter J, Barron S, Finzi A, Irving K, Roberts M, Stemmler E and W Schlesinger. 2005.  Soil carbon sequestration and turnover in a pine forest after six years of atmospheric CO2 enrichment. Ecology 86(7):1835-1847. Schlesinger and Lichter (2001) Nature. Also: Unpublished data, K. Johnsen et al.", , , , "1.5", , , , , , , , , 
"US-Dk3", "27258", "GRP_SOIL_CHEM", , , , , "Forest Service %C data from soil pit with bulk density from http://face.env.duke.edu/pdf/Full_Soil_Profile.pdf. Reference: Lichter J, Barron S, Finzi A, Irving K, Roberts M, Stemmler E and W Schlesinger. 2005.  Soil carbon sequestration and turnover in a pine forest after six years of atmospheric CO2 enrichment. Ecology 86(7):1835-1847. Schlesinger and Lichter (2001) Limited carbon storage in soil and litter of experimental forest plots under elevated atmospheric CO2. Nature 411:466-469, See also: http://face.env.duke.edu/pdf/Full_Soil_Profile.pdf. Also: Unpublished data, K. Johnsen et al.", "61", "2002", , , , , , , , , , , 
"US-Dk3", "27259", "GRP_SOIL_CHEM", , , , , "Forest Service %N data from soil pit with bulk density from http://face.env.duke.edu/pdf/Full_Soil_Profile.pdf. Reference: Lichter J, Barron S, Finzi A, Irving K, Roberts M, Stemmler E and W Schlesinger. 2005.  Soil carbon sequestration and turnover in a pine forest after six years of atmospheric CO2 enrichment. Ecology 86(7):1835-1847. Schlesinger and Lichter (2001) Nature. Also: Unpublished data, K. Johnsen et al.", , , , "1.2", , , , , , , , , 
"US-Dk3", "27260", "GRP_SOIL_CHEM", , "12", "29", "AE", "Oh, N.H. and D.D. Richter. Elemental translocation and loss from three highly weathered soil-bedrock profiles in the southeastern United States.  Geoderma 126 (5-25)", , , "5.1", , , , , , , , , , 
"US-Dk3", "27538", "GRP_SOIL_CHEM", , "0", "15", "A, AE", "Spatially variable. Reference: Lichter J, Barron S, Finzi A, Irving K, Roberts M, Stemmler E and W Schlesinger. 2005.  Soil carbon sequestration and turnover in a pine forest after six years of atmospheric CO2 enrichment. Ecology 86(7):1835-1847. Schlesinger and Lichter (2001) Limited carbon storage in soil and litter of experimental forest plots under elevated atmospheric CO2. Nature 411:466-469, See also: http://face.env.duke.edu/pdf/Full_Soil_Profile.pdf. Also: Unpublished data, K. Johnsen et al.", "24", "2002", , , , , , , , , , , 
"US-Dk3", "28147", "GRP_SOIL_CHEM", , "0", "15", , "Spatially variable. Reference: Lichter J, Barron S, Finzi A, Irving K, Roberts M, Stemmler E and W Schlesinger. 2005.  Soil carbon sequestration and turnover in a pine forest after six years of atmospheric CO2 enrichment. Ecology 86(7):1835-1847. Schlesinger and Lichter (2001) Nature. Also: Unpublished data, K. Johnsen et al.", , , , "1.3", , , , , , , , , 
"US-Dk3", "28148", "GRP_SOIL_CHEM", , "0", "12", "A", "Oh, N.H. and D.D. Richter. Elemental translocation and loss from three highly weathered soil-bedrock profiles in the southeastern United States.  Geoderma 126 (5-25)", , , "4.85", , , , , , , , , , 
"US-Dk3", "28257", "GRP_SOIL_CHEM", , "0", "30", , "Reference: Lichter J, Barron S, Finzi A, Irving K, Roberts M, Stemmler E and W Schlesinger. 2005.  Soil carbon sequestration and turnover in a pine forest after six years of atmospheric CO2 enrichment. Ecology 86(7):1835-1847", , "2000", , , "1.27", , , , , , , , 
"US-Dk3", "28258", "GRP_SOIL_CHEM", , "29", "48", "BE", "Oh, N.H. and D.D. Richter. Elemental translocation and loss from three highly weathered soil-bedrock profiles in the southeastern United States.  Geoderma 126 (5-25)", , , "4.87", , , , , , , , , , 
"US-Dk3", "28486", "GRP_SOIL_CHEM", , "75", "225", "CB", "Oh, N.H. and D.D. Richter. Elemental translocation and loss from three highly weathered soil-bedrock profiles in the southeastern United States.  Geoderma 126 (5-25)", , , "5.02", , , , , , , , , , 
"US-Dk3", "28487", "GRP_SOIL_CHEM", , "275", "325", "C", "Oh, N.H. and D.D. Richter. Elemental translocation and loss from three highly weathered soil-bedrock profiles in the southeastern United States.  Geoderma 126 (5-25)", , , "5.11", , , , , , , , , , 
"US-Dk3", "29090", "GRP_SOIL_CHEM", , "115", "140", "B", "Oh, N.H. and D.D. Richter. Elemental translocation and loss from three highly weathered soil-bedrock profiles in the southeastern United States.  Geoderma 126 (5-25)", , , "4.95", , , , , , , , , , 
"US-Dk3", "29091", "GRP_SOIL_CHEM", , "325", "700", "C", "Oh, N.H. and D.D. Richter. Elemental translocation and loss from three highly weathered soil-bedrock profiles in the southeastern United States.  Geoderma 126 (5-25)", , , "4.98", , , , , , , , , , 
"US-Dk3", "29449", "GRP_SOIL_CHEM", , "48", "80", "Bt", "Oh, N.H. and D.D. Richter. Elemental translocation and loss from three highly weathered soil-bedrock profiles in the southeastern United States.  Geoderma 126 (5-25)", , , "4.91", , , , , , , , , , 
"US-Fmf", "27373", "GRP_SOIL_CHEM", , "0", "15", , , "44.24", "2005", , "1.25", "0.98", , , , , , , , 
"US-Fmf", "28601", "GRP_SOIL_CHEM", , "0", "15", , , "33.26", "2007", , , , , , , , , , , 
"US-FR2", "23890", "GRP_SOIL_CHEM", , "0", "30", "A", , "40.5", , "7", , "0.75", , , , , , , , 
"US-FR2", "24024", "GRP_SOIL_CHEM", , "0", "30", "Total", "(range 3.7-4.4) 
3.7-4.4", "40.5", , , , , , , , , , , , 
"US-Fuf", "28603", "GRP_SOIL_CHEM", , "0", "15", , , "39.92", "2005", , "2.03", "0.78", , , , , , , , 
"US-Fwf", "27081", "GRP_SOIL_CHEM", , "0", "15", , , "32.73", "2005", , "17", "0.8", , , , , , , , 
"US-Ha1", "22048", "GRP_SOIL_CHEM", , "0", "10", , "Data from control plots of DIRT Project; source: DIRT Project <http://harvardforest.fas.harvard.edu:8080/exist/xquery/data.xq?id=hf007>; contact Knute Nadlehoffer (knute@umich.edu)", , "19911202", "3.77", , , , , , , "Top of mineral soil", , , 
"US-Ha1", "22052", "GRP_SOIL_CHEM", , , "10", , "Data from control plots of DIRT Project; source: DIRT Project <http://harvardforest.fas.harvard.edu:8080/exist/xquery/data.xq?id=hf007>; contact Knute Nadlehoffer (knute@umich.edu)", , "19951103", "3.88", , , , , , , "Top of mineral soil", , , 
"US-Ha1", "22055", "GRP_SOIL_CHEM", , "0", "5", , , , "20061101", , , "0.68", , , , , "Top of mineral soil", , , 
"US-Ha1", "22058", "GRP_SOIL_CHEM", , "5", "1", , , , "20061101", , , "0.93", , , , , "Top of mineral soil", , , 
"US-Ha1", "22061", "GRP_SOIL_CHEM", , "10", "15", , , , "20061101", , , "0.96", , , , , "Top of mineral soil", , , 
"US-Ha1", "22064", "GRP_SOIL_CHEM", , "15", "20", , , , "20061101", , , "1.18", , , , , "Top of mineral soil", , , 
"US-Ha1", "22067", "GRP_SOIL_CHEM", , "20", "25", , , , "20061101", , , "1.34", , , , , "Top of mineral soil", , , 
"US-Ha1", "22070", "GRP_SOIL_CHEM", , "25", "30", , , , "20061101", , , "1.45", , , , , "Top of mineral soil", , , 
"US-Ha1", "22073", "GRP_SOIL_CHEM", , "35", "40", , , , "20061101", , , "1.75", , , , , "Top of mineral soil", , , 
"US-Ha1", "22076", "GRP_SOIL_CHEM", , "40", "45", , , , "20061101", , , "1.66", , , , , "Top of mineral soil", , , 
"US-Ha1", "22079", "GRP_SOIL_CHEM", , "45", "50", , , , "20061101", , , "1.79", , , , , "Top of mineral soil", , , 
"US-Ha2", "24025", "GRP_SOIL_CHEM", , "0", "35", "Total", , "103", , , , , , , , , , , , 
"US-Ha2", "24032", "GRP_SOIL_CHEM", "4.3", "2", "4", "A", "Compton and Boone, Ecology 81:234-2330, 2000.", , , , , "0.86", , , , , , , , 
"US-Ha2", "24271", "GRP_SOIL_CHEM", , "2", "4", "A", , "47", , , , , , , , , , , , 
"US-Ha2", "24783", "GRP_SOIL_CHEM", "3.4", "7", "20", "Organic", , "56", , , , , , , , , , , , 
"US-Ha2", "25059", "GRP_SOIL_CHEM", , "7", "20", "Organic", "Compton and Boone, Ecology 81:234-2330, 2000.", , , , , "0.13", , , , , , , , 
"US-Ho1", "23845", "GRP_SOIL_CHEM", , , "12.5", "Ae", , , "1987", , "0.3", , , , , , , , , 
"US-Ho1", "24081", "GRP_SOIL_CHEM", , "0", "10", "Total", "organic layer", , "1987", "2.8", , , , , , , , , , 
"US-Ho1", "24082", "GRP_SOIL_CHEM", , "15", "65", "Total", "B-horizon", , "1987", "4.2", , , , , , , , , , 
"US-Ho1", "24211", "GRP_SOIL_CHEM", , , "7.5", "O", "for details see Fernandez et al. (1993) Can. J. Soil Sci 73:317-28", "44", "1987", , "1.03", "0.14", , , , , , , , 
"US-Ho1", "24212", "GRP_SOIL_CHEM", , , "12.5", "Ae", "for details see Fernandez et al. (1993) Can. J. Soil Sci 73:317-28", "8", "1987", , , "1", , , , , , , , 
"US-Ho1", "24488", "GRP_SOIL_CHEM", , "17.5", "52.5", "Total", , , "1987", , "0.98", , , , , , , , , 
"US-Ho1", "24746", "GRP_SOIL_CHEM", , "12.5", "17.5", "Total", , , "1987", , "0.32", , , , , , , , , 
"US-Ho1", "24850", "GRP_SOIL_CHEM", , "17.5", "52.5", "Total", "for details see Fernandez et al. (1993) Can. J. Soil Sci 73:317-28", "30", "1987", , , "0.89", , , , , , , , 
"US-Ho1", "24879", "GRP_SOIL_CHEM", , "50", "90", "Total", , , "1987", , "0.68", , , , , , , , , 
"US-Ho1", "25110", "GRP_SOIL_CHEM", , "12.5", "17.5", "Total", "for details see Fernandez et al. (1993) Can. J. Soil Sci 73:317-28", "11", "1987", , , "0.65", , , , , , , , 
"US-Ho1", "25111", "GRP_SOIL_CHEM", , "50", "90", "Total", "for details see Fernandez et al. (1993) Can. J. Soil Sci 73:317-28", "19", "1987", , , "1.39", , , , , , , , 
"US-Ho1", "25128", "GRP_SOIL_CHEM", , "10", "15", "Total", "A-horizon", , "1987", "3.2", , , , , , , , , , 
"US-Ho2", "23694", "GRP_SOIL_CHEM", , "17.5", "52.5", , "for details see Fernandez et al. (1993) Can. J. Soil Sci 73:317-28; Same as Main (US-Ho1)", "30", "1987", , "0.98", "0.89", , , , , , , , 
"US-Ho2", "23695", "GRP_SOIL_CHEM", , "50", "90", , "for details see Fernandez et al. (1993) Can. J. Soil Sci 73:317-28; Same as Main (US-Ho1)", "19", "1987", , "0.68", "1.39", , , , , , , , 
"US-Ho2", "23715", "GRP_SOIL_CHEM", , "10", "15", , "A-horizon; Same as Main (US-Ho1)", , "1987", "3.2", , , , , , , , , , 
"US-Ho2", "23716", "GRP_SOIL_CHEM", , "15", "65", , "B-horizon; Same as Main (US-Ho1)", , "1987", "4.2", , , , , , , , , , 
"US-Ho2", "24061", "GRP_SOIL_CHEM", , , "7.5", "O", "for details see Fernandez et al. (1993) Can. J. Soil Sci 73:317-28; Same as Main (US-Ho1)", "44", "1987", , "1.03", "0.14", , , , , , , , 
"US-Ho2", "24062", "GRP_SOIL_CHEM", , "12.5", "17.5", , "for details see Fernandez et al. (1993) Can. J. Soil Sci 73:317-28; Same as Main (US-Ho1)", "11", "1987", , "0.32", "0.65", , , , , , , , 
"US-Ho2", "24331", "GRP_SOIL_CHEM", , , "12.5", "Ae", "for details see Fernandez et al. (1993) Can. J. Soil Sci 73:317-28; Same as Main (US-Ho1)", "8", "1987", , "0.3", "1", , , , , , , , 
"US-Ho2", "25129", "GRP_SOIL_CHEM", , "0", "10", , "organic layer; Same as Main (US-Ho1)", , "1987", "2.8", , , , , , , , , , 
"US-Ho2", "27053", "GRP_SOIL_CHEM", , "0", "10", "organic layer", "Same as Main (US-Ho1)", , "1987", "2.8", , , , , , , , , , 
"US-Ho2", "27054", "GRP_SOIL_CHEM", , "15", "65", "B-horizon", "Same as Main (US-Ho1)", , "1987", "4.2", , , , , , , , , , 
"US-Ho2", "27596", "GRP_SOIL_CHEM", , "0", "7.5", "O horizon", "for details see Fernandez et al. (1993) Can. J. Soil Sci 73:317-28; Same as Main (US-Ho1)", "44", "1987", , "1.03", "0.14", , , , , , , , 
"US-Ho2", "28319", "GRP_SOIL_CHEM", , "0", "12.5", "Ae horizon", "for details see Fernandez et al. (1993) Can. J. Soil Sci 73:317-28; Same as Main (US-Ho1)", "8", "1987", , "0.3", "1", , , , , , , , 
"US-Ho2", "29162", "GRP_SOIL_CHEM", , "10", "15", "A-horizon", "Same as Main (US-Ho1)", , "1987", "3.2", , , , , , , , , , 
"US-Ho3", "23696", "GRP_SOIL_CHEM", , , "7.5", "O", "for details see Fernandez et al. (1993) Can. J. Soil Sci 73:317-28; Same as Main (US-Ho1)", "44", "1987", , "1.03", "0.14", , , , , , , , 
"US-Ho3", "23717", "GRP_SOIL_CHEM", , "10", "15", , "A-horizon; Same as Main (US-Ho1)", , "1987", "3.2", , , , , , , , , , 
"US-Ho3", "23846", "GRP_SOIL_CHEM", , "15", "65", , "B-horizon; Same as Main (US-Ho1)", , "1987", "4.2", , , , , , , , , , 
"US-Ho3", "23955", "GRP_SOIL_CHEM", , "50", "90", , "for details see Fernandez et al. (1993) Can. J. Soil Sci 73:317-28; Same as Main (US-Ho1)", "19", "1987", , "0.68", "1.39", , , , , , , , 
"US-Ho3", "24463", "GRP_SOIL_CHEM", , "17.5", "52.5", , "for details see Fernandez et al. (1993) Can. J. Soil Sci 73:317-28; Same as Main (US-Ho1)", "30", "1987", , "0.98", "0.89", , , , , , , , 
"US-Ho3", "24619", "GRP_SOIL_CHEM", , "0", "10", , "organic layer; Same as Main (US-Ho1)", , "1987", "2.8", , , , , , , , , , 
"US-Ho3", "24715", "GRP_SOIL_CHEM", , , "12.5", "Ae", "for details see Fernandez et al. (1993) Can. J. Soil Sci 73:317-28; Same as Main (US-Ho1)", "8", "1987", , "0.3", "1", , , , , , , , 
"US-Ho3", "24716", "GRP_SOIL_CHEM", , "12.5", "17.5", , "for details see Fernandez et al. (1993) Can. J. Soil Sci 73:317-28; Same as Main (US-Ho1)", "11", "1987", , "0.32", "0.65", , , , , , , , 
"US-Ho3", "27055", "GRP_SOIL_CHEM", , "0", "7.5", "O horizon", "for details see Fernandez et al. (1993) Can. J. Soil Sci 73:317-28; Same as Main (US-Ho1)", "44", "1987", , "1.03", "0.14", , , , , , , , 
"US-Ho3", "27351", "GRP_SOIL_CHEM", , "0", "10", "organic layer", "Same as Main (US-Ho1)", , "1987", "2.8", , , , , , , , , , 
"US-Ho3", "27597", "GRP_SOIL_CHEM", , "0", "12.5", "Ae horizon", "for details see Fernandez et al. (1993) Can. J. Soil Sci 73:317-28; Same as Main (US-Ho1)", "8", "1987", , "0.3", "1", , , , , , , , 
"US-Ho3", "28580", "GRP_SOIL_CHEM", , "10", "15", "A-horizon", "Same as Main (US-Ho1)", , "1987", "3.2", , , , , , , , , , 
"US-Ho3", "28581", "GRP_SOIL_CHEM", , "15", "65", "B-horizon", "Same as Main (US-Ho1)", , "1987", "4.2", , , , , , , , , , 
"US-IB1", "23729", "GRP_SOIL_CHEM", , "5", "15", , , , "1999", , , "1.19244308411075", , , , , , , , 
"US-IB1", "23988", "GRP_SOIL_CHEM", , "50", "75", , , "165.864", "2001", , "14.9", , , , , , , , , 
"US-IB1", "24101", "GRP_SOIL_CHEM", , "25", "50", , , , "1999", , , "1.36720771340389", , , , , , , , 
"US-IB1", "24253", "GRP_SOIL_CHEM", , "0", "5", , , "18.6361", "2001", , "1.3", , , , , , , , , 
"US-IB1", "24254", "GRP_SOIL_CHEM", , "25", "50", , , "145.036", "2001", , "12.6", , , , , , , , , 
"US-IB1", "24504", "GRP_SOIL_CHEM", , "15", "25", , , , "1999", , , "1.27864952681429", , , , , , , , 
"US-IB1", "24640", "GRP_SOIL_CHEM", , "5", "15", , , "61.7879", "2001", , "4.8", , , , , , , , , 
"US-IB1", "24758", "GRP_SOIL_CHEM", , "0", "5", , , , "1999", , , "0.990500277561492", , , , , , , , 
"US-IB1", "24892", "GRP_SOIL_CHEM", , "75", "100", , , , "1999", , , "1.47927544738487", , , , , , , , 
"US-IB1", "25008", "GRP_SOIL_CHEM", , "15", "25", , , "103.405", "2001", , "7.9", , , , , , , , , 
"US-IB1", "25139", "GRP_SOIL_CHEM", , "50", "75", , , , "1999", , , "1.43957058278836", , , , , , , , 
"US-IB1", "25140", "GRP_SOIL_CHEM", , "75", "100", , , "182.827", "2001", , "16.1", , , , , , , , , 
"US-IB2", "23734", "GRP_SOIL_CHEM", , "0", "5", , , , "20050315", , , "1.01", , , , , , , , 
"US-IB2", "23735", "GRP_SOIL_CHEM", , "0", "5", , , "15.5", "20050416", , "4", "0.91", , , , , , , , 
"US-IB2", "23870", "GRP_SOIL_CHEM", , "5", "15", , , "42", "20050416", , "1.3", "1.12", , , , , , , , 
"US-IB2", "23871", "GRP_SOIL_CHEM", , "5", "10", , , , "20061115", , , "1.1", , , , , , , , 
"US-IB2", "23872", "GRP_SOIL_CHEM", , "50", "75", , , , "20040715", "7.3", , , , , , , , , , 
"US-IB2", "23873", "GRP_SOIL_CHEM", , "75", "100", , , , "20040715", "7.3", , , , , , , , , , 
"US-IB2", "24001", "GRP_SOIL_CHEM", , "5", "10", , , , "20051015", , , "1.1", , , , , , , , 
"US-IB2", "24002", "GRP_SOIL_CHEM", , "0", "5", , , , "20060515", , , "0.86", , , , , , , , 
"US-IB2", "24112", "GRP_SOIL_CHEM", , "5", "15", , , "64.2", "20040715", "6.3", "5.1", "1.17", , , , , , , , 
"US-IB2", "24113", "GRP_SOIL_CHEM", , "10", "25", , , , "20060715", , , "1.14", , , , , , , , 
"US-IB2", "24372", "GRP_SOIL_CHEM", , "10", "25", , , , "20051015", , , "1.21", , , , , , , , 
"US-IB2", "24515", "GRP_SOIL_CHEM", , "15", "25", , , "97.3", "20040715", "6.5", "7.7", "1.14", , , , , , , , 
"US-IB2", "24516", "GRP_SOIL_CHEM", , "0", "5", , , , "20051015", , , "0.99", , , , , , , , 
"US-IB2", "24517", "GRP_SOIL_CHEM", , "10", "25", , , , "20060915", , , "1.16", , , , , , , , 
"US-IB2", "24773", "GRP_SOIL_CHEM", , "5", "15", , , , "20050315", , , "1.16", , , , , , , , 
"US-IB2", "24774", "GRP_SOIL_CHEM", , "10", "25", , , , "20061115", , , "1.19", , , , , , , , 
"US-IB2", "24903", "GRP_SOIL_CHEM", , "5", "10", , , , "20060915", , , "1.12", , , , , , , , 
"US-IB2", "24904", "GRP_SOIL_CHEM", , "0", "5", , , , "20061115", , , "0.85", , , , , , , , 
"US-IB2", "24905", "GRP_SOIL_CHEM", , "25", "50", , , , "20040715", "7", , , , , , , , , , 
"US-IB2", "25021", "GRP_SOIL_CHEM", , "5", "10", , , , "20060515", , , "1.14", , , , , , , , 
"US-IB2", "25022", "GRP_SOIL_CHEM", , "0", "5", , , , "20060715", , , "0.86", , , , , , , , 
"US-IB2", "25023", "GRP_SOIL_CHEM", , "5", "10", , , , "20060715", , , "1.1", , , , , , , , 
"US-IB2", "25153", "GRP_SOIL_CHEM", , "0", "5", , , "24", "20040715", "6.8", "1.9", "1.03", , , , , , , , 
"US-IB2", "25154", "GRP_SOIL_CHEM", , "0", "5", , , , "20060915", , , "0.87", , , , , , , , 
"US-IB2", "26046", "GRP_SOIL_CHEM", , "10", "25", , , , "20060515", , , "1.18", , , , , , , , 
"US-KS2", "24034", "GRP_SOIL_CHEM", , "100", "150", "B", "source: Schmalzer et al. 2001, Florida Scientist 64:161-191
", , , "5.2", , , , , , , , , , 
"US-KS2", "24168", "GRP_SOIL_CHEM", , "0", "100", "A", "source: Schmalzer et al. 2001, Florida Scientist 64:161-190
", , , , , "0.99", , , , , , , , 
"US-KS2", "24301", "GRP_SOIL_CHEM", , "0", "100", "A", , "30", , , , , , , , , , , , 
"US-KS2", "24552", "GRP_SOIL_CHEM", , "0", "100", "A", "source: Schmalzer et al. 2001, Florida Scientist 64:161-191
", , , "5.2", , , , , , , , , , 
"US-KS2", "24825", "GRP_SOIL_CHEM", , "100", "150", "B", , "6", , , , , , , , , , , , 
"US-KS2", "24945", "GRP_SOIL_CHEM", , "100", "150", "B", "source: Schmalzer et al. 2001, Florida Scientist 64:161-190
", , , , , "0.99", , , , , , , , 
"US-Los", "27307", "GRP_SOIL_CHEM", , , , , "(% not kgC/m2) Organic layer, mean depth 22 cm, Peter Weishampel", "220", , , , "0.19", , , , , , , , 
"US-Los", "27932", "GRP_SOIL_CHEM", , "0", "20", , "Soil organic layer.  Tang et al., personal communication", "19.04", , , , , , , , , , , , 
"US-Los", "28195", "GRP_SOIL_CHEM", , , , , "(% not kgC/m2) Mineral Layer, beneath organic layer, Peter Weishampel", "60", , , , "0.64", , , , , , , , 
"US-Los", "28196", "GRP_SOIL_CHEM", , , , , "(% not kgN/m2) Organic layer, mean depth 22 cm, Peter Weishampel", , , , "13.1", , , , , , , , , 
"US-Los", "28292", "GRP_SOIL_CHEM", , "0", "40", , "Soil organic carbon.  Tang, personal communication.", "44.96", , , , , , , , , , , , 
"US-Los", "29019", "GRP_SOIL_CHEM", , , , , "(% not kgN/m2) Mineral Layer, beneath organic layer, Peter Weishampel", , , , "3.7", , , , , , , , , 
"US-Los", "29132", "GRP_SOIL_CHEM", , , , , "(0.6-0.7); oven dry soil", , , , , "0.65", , , , , , , , 
"US-LPH", "23651", "GRP_SOIL_CHEM", , "5", "10", "Organic", "Educated guess based on nearby site with similar soil, vegetation and land use history( see Compton and Boone, Ecology 2000)
", , , , , "0.09", , , , , , , , 
"US-LPH", "24169", "GRP_SOIL_CHEM", , "3", "8", "A", "Educated guess based on nearby site with similar soil, vegetation and land use history ( see Compton and Boone, Ecology 2000)", , , "4.5", , , , , , , , , , 
"US-LPH", "24397", "GRP_SOIL_CHEM", , "5", "10", "Organic", , "37", , "3.7", , , , , , , , , , 
"US-LPH", "24550", "GRP_SOIL_CHEM", , "3", "8", "A", "Educated guess based on nearby site with similar soil, vegetation and land use history( see Compton and Boone, Ecology 2000)", , , , , "0.86", , , , , , , , 
"US-Me1", "23938", "GRP_SOIL_CHEM", , "20", "50", , , , "2004", , , "1.52", , , , , , , , 
"US-Me1", "24039", "GRP_SOIL_CHEM", , "50", "100", , , "8.2", "2004", , "0.59", , , , , , , , , 
"US-Me1", "24191", "GRP_SOIL_CHEM", , "0", "20", , , , "2004", , , "1.25", , , , , , , , 
"US-Me1", "24439", "GRP_SOIL_CHEM", , "0", "20", , , "19.7", "2004", , , , , , , , , , , 
"US-Me1", "24440", "GRP_SOIL_CHEM", , "20", "50", , , "22.3", "2004", , "1.41", , , , , , , , , 
"US-Me1", "24828", "GRP_SOIL_CHEM", , "0", "50", , , , "2004", , "0.76", , , , , , , , , 
"US-Me2", "19728", "GRP_SOIL_CHEM", , "0", "20", , , "0.37192982456", "2001", , "0.012105263158", "1.14", , , , , , , , 
"US-Me2", "19731", "GRP_SOIL_CHEM", , "20", "50", , , "0.18974358974", "2001", , "0.0084615384615", "1.17", , , , , , , , 
"US-Me2", "19732", "GRP_SOIL_CHEM", , "50", "100", , , "0.10518518519", "2001", , "0.0057037037037", "1.35", , , , , , , , 
"US-Me3", "24452", "GRP_SOIL_CHEM", , "0", "20", , , "39.2", "2005", , "1.73", , , , , , , , , 
"US-Me3", "24453", "GRP_SOIL_CHEM", , "27", "33", , , , "2004", , , "1.45", , , , , , , , 
"US-Me3", "24708", "GRP_SOIL_CHEM", , "7", "13", , , , "2004", , , "1.31", , , , , , , , 
"US-Me3", "24709", "GRP_SOIL_CHEM", , "47", "53", , , , "2004", , , "1.5", , , , , , , , 
"US-Me4", "23674", "GRP_SOIL_CHEM", , "0", "20", , , "25.9", "2001", , , , , , , , , , , 
"US-Me4", "23684", "GRP_SOIL_CHEM", , "20", "50", , , , "2001", "7.1", , , , , , , , , , 
"US-Me4", "23811", "GRP_SOIL_CHEM", , "50", "100", , , , "2001", , , "1.25", , , , , , , , 
"US-Me4", "23945", "GRP_SOIL_CHEM", , "0", "20", , , , "2001", , "0.84", , , , , , , , , 
"US-Me4", "23946", "GRP_SOIL_CHEM", , "20", "50", , , , "2001", , , "1.27", , , , , , , , 
"US-Me4", "23947", "GRP_SOIL_CHEM", , "0", "20", , , "20.6", "2001", , , , , , , , , , , 
"US-Me4", "23948", "GRP_SOIL_CHEM", , "50", "100", , , , "2001", "7.3", , , , , , , , , , 
"US-Me4", "24046", "GRP_SOIL_CHEM", , "50", "100", , , , "2001", , "0.96", , , , , , , , , 
"US-Me4", "24050", "GRP_SOIL_CHEM", , "0", "20", , , , "2001", "6.9", , , , , , , , , , 
"US-Me4", "24051", "GRP_SOIL_CHEM", , "20", "50", , , "15.7", "2001", , , , , , , , , , , 
"US-Me4", "24310", "GRP_SOIL_CHEM", , "20", "50", , , , "2001", "7.1", , , , , , , , , , 
"US-Me4", "24311", "GRP_SOIL_CHEM", , "50", "100", , , "13.9", "2001", , , , , , , , , , , 
"US-Me4", "24312", "GRP_SOIL_CHEM", , "50", "100", , , , "2001", "7.3", , , , , , , , , , 
"US-Me4", "24317", "GRP_SOIL_CHEM", , "50", "100", , , , "2001", , "0.15", , , , , , , , , 
"US-Me4", "24446", "GRP_SOIL_CHEM", , "0", "20", , , , "2001", "6.8", , , , , , , , , , 
"US-Me4", "24447", "GRP_SOIL_CHEM", , "20", "50", , , "15.8", "2001", , , , , , , , , , , 
"US-Me4", "24449", "GRP_SOIL_CHEM", , "50", "100", , , , "2001", , , "1.45", , , , , , , , 
"US-Me4", "24700", "GRP_SOIL_CHEM", , "0", "20", , , , "2001", , , "1.02", , , , , , , , 
"US-Me4", "24705", "GRP_SOIL_CHEM", , "0", "20", , , , "2001", , , "0.85", , , , , , , , 
"US-Me4", "24838", "GRP_SOIL_CHEM", , "20", "50", , , , "2001", , "1.04", , , , , , , , , 
"US-Me4", "24841", "GRP_SOIL_CHEM", , "50", "100", , , "4.9", "2001", , , , , , , , , , , 
"US-Me4", "25094", "GRP_SOIL_CHEM", , "0", "20", , , , "2001", , "0.71", , , , , , , , , 
"US-Me4", "25096", "GRP_SOIL_CHEM", , "20", "50", , , , "2001", , , "1.14", , , , , , , , 
"US-Me4", "25097", "GRP_SOIL_CHEM", , "20", "50", , , , "2001", , "0.68", , , , , , , , , 
"US-Me5", "23671", "GRP_SOIL_CHEM", , "20", "50", , , "18.5", "2001", , "0.92", "1.2", , , , , , , , 
"US-Me5", "23941", "GRP_SOIL_CHEM", , "0", "20", , , "37", "2001", "6.5", "1.29", "1.04", , , , , , , , 
"US-Me5", "23942", "GRP_SOIL_CHEM", , "50", "100", , , "13.7", "2001", , "0.7", "1.34", , , , , , , , 
"US-Me5", "23951", "GRP_SOIL_CHEM", , "50", "100", , , , "2001", "7", , , , , , , , , , 
"US-Me5", "24321", "GRP_SOIL_CHEM", , "20", "50", , , , "2001", "7", , , , , , , , , , 
"US-Me6", "19723", "GRP_SOIL_CHEM", , "7", "13", , , , "2004", , , "1.31", , , , , , , , 
"US-Me6", "19726", "GRP_SOIL_CHEM", , "27", "33", , , , "2004", , , "1.45", , , , , , , , 
"US-Me6", "19727", "GRP_SOIL_CHEM", , "47", "53", , , , "2004", , , "1.5", , , , , , , , 
"US-MMS", "22036", "GRP_SOIL_CHEM", , "0", "0.1", , , , "20000520", , , "1.22", , , , , , , , 
"US-MOz", "23697", "GRP_SOIL_CHEM", , "15", "15", "Total", , , "20040608", , , "1.41", , , , , , , , 
"US-MOz", "23829", "GRP_SOIL_CHEM", , "35", "35", "Total", , , "20040608", , , "1.52", , , , , , , , 
"US-MOz", "24063", "GRP_SOIL_CHEM", , "0", "5", "Total", , , "20040608", , , "1.18", , , , , , , , 
"US-MOz", "24064", "GRP_SOIL_CHEM", , "70", "72", "Total", , , "20040608", , , "1.49", , , , , , , , 
"US-MOz", "24717", "GRP_SOIL_CHEM", , "23", "25", "Total", , , "20040608", , , "1.46", , , , , , , , 
"US-MOz", "24718", "GRP_SOIL_CHEM", , "53", "55", "Total", , , "20040608", , , "1.37", , , , , , , , 
"US-Ne1", "28042", "GRP_SOIL_CHEM", , "15", "30", , , "30.7", "20050425", , "2.8", "1.40", , , , , , , , 
"US-Ne1", "28660", "GRP_SOIL_CHEM", , "15", "30", , , "31.4", "20010420", , "2.9", "1.51", , , , , , , , 
"US-Ne1", "28661", "GRP_SOIL_CHEM", , "0", "15", , , "35.4", "20050425", , "3.2", "1.35", , , , , , , , 
"US-Ne1", "28719", "GRP_SOIL_CHEM", , "0", "20", , , , "20010420", "6.10", , , , , , , , , , 
"US-Ne1", "28885", "GRP_SOIL_CHEM", , "20", "50", , , , "20010420", "6.40", , , , , , , , , , 
"US-Ne1", "29578", "GRP_SOIL_CHEM", , "0", "15", , , "38", "20010420", , "3.5", "1.43", , , , , , , , 
"US-Ne2", "27128", "GRP_SOIL_CHEM", , "0", "15", , , "32.8", "20010420", , "3", "1.40", , , , , , , , 
"US-Ne2", "27428", "GRP_SOIL_CHEM", , "0", "15", , , "30.5", "20050425", , "2.9", "1.37", , , , , , , , 
"US-Ne2", "27666", "GRP_SOIL_CHEM", , "15", "30", , , "25.1", "20010420", , "2.3", "1.54", , , , , , , , 
"US-Ne2", "27769", "GRP_SOIL_CHEM", , "0", "20", , , , "20010420", "5.60", , , , , , , , , , 
"US-Ne2", "28657", "GRP_SOIL_CHEM", , "15", "30", , , "25.2", "20050425", , "2.4", "1.46", , , , , , , , 
"US-Ne2", "28718", "GRP_SOIL_CHEM", , "20", "50", , , , "20010420", "5.80", , , , , , , , , , 
"US-Ne3", "27767", "GRP_SOIL_CHEM", , "0", "20", , , , "20010420", "5.40", , , , , , , , , , 
"US-Ne3", "27768", "GRP_SOIL_CHEM", , "20", "50", , , , "20010420", "6.20", , , , , , , , , , 
"US-Ne3", "28653", "GRP_SOIL_CHEM", , "0", "15", , , "31.9", "20050425", , "3", "1.36", , , , , , , , 
"US-Ne3", "28654", "GRP_SOIL_CHEM", , "15", "30", , , "27.8", "20050425", , "2.5", "1.41", , , , , , , , 
"US-Ne3", "29249", "GRP_SOIL_CHEM", , "15", "30", , , "28.1", "20010420", , "2.5", "1.51", , , , , , , , 
"US-Ne3", "29368", "GRP_SOIL_CHEM", , "0", "15", , , "33.1", "20010420", , "3", "1.39", , , , , , , , 
"US-NR1", "23956", "GRP_SOIL_CHEM", , , , "Total", "From Laura E. Scott-Denton, et al. Soil Biology and Biochemistry. Volume 35, issue 4, April 2003, 525-534.", , , , , "1.483", , , , , , , , 
"US-Oho", "24565", "GRP_SOIL_CHEM", , , , "A", "Soil C 28.1 g C kg-1 (0-20cm) in DeForest et al 2006. International Journal of Biometeorology. 51:135-144.", "28.1", , , , , , , , , , , , 
"US-PFa", "26730", "GRP_SOIL_CHEM", , "0", "30", , "0-30 cm range,   Jon Martin", , , , , "1.6", , , , , , , , 
"US-PFa", "26868", "GRP_SOIL_CHEM", , "0", "30", , "(0-30 cm, including litter layer); pulled from Willow Creek", "107", , , "7.4", , , , , , , , , 
"US-PFa", "27574", "GRP_SOIL_CHEM", , "0", "60", , "(top 60 cm); pulled from Willow Creek", "94.73", , , , , , , , , , , , 
"US-Slt", "27178", "GRP_SOIL_CHEM", , "0", "10", , "Organic matter derived from LOI measurements as %", "14", "20080601", , , , "3", , , , , , , 
"US-Slt", "27478", "GRP_SOIL_CHEM", , "0", "10", , "n = 15 total, 3 soil cores per tree census plot.  pH in DI H20", , "20080601", "4.4", , , , , "0.2", , , , , 
"US-Slt", "27479", "GRP_SOIL_CHEM", , "20", "40", , "n = 15 total, 3 soil cores per tree census plot.  pH in DI H20", , "20080601", "4.8", , , , , "0.1", , , , , 
"US-Slt", "27723", "GRP_SOIL_CHEM", , "10", "20", , "Organic matter derived from LOI measurements as %", "9", "20080601", , , , "2", , , , , , , 
"US-Slt", "28423", "GRP_SOIL_CHEM", , "40", "80", , "n = 15 total, 3 soil cores per tree census plot.  pH in DI H20", , "20080601", "4.7", , , , , "0.1", , , , , 
"US-Slt", "28801", "GRP_SOIL_CHEM", , "40", "80", , "Organic matter derived from LOI measurements as %", "6", "20080601", , , , "1", , , , , , , 
"US-Slt", "28802", "GRP_SOIL_CHEM", , "10", "20", , "n = 15 total, 3 soil cores per tree census plot.  pH in DI H20", , "20080601", "4.7", , , , , "0.1", , , , , 
"US-Slt", "29302", "GRP_SOIL_CHEM", , "20", "40", , "Organic matter derived from LOI measurements as %", "8", "20080601", , , , "1", , , , , , , 
"US-SP2", "27979", "GRP_SOIL_CHEM", , "10", "150", , "1.5 measured at 0.5m", , , , , "1.21", , , , , , , , 
"US-SP2", "28589", "GRP_SOIL_CHEM", , "10", "100", , , "8", , , , , , , , , , , , 
"US-SP3", "27611", "GRP_SOIL_CHEM", , "10", "150", , "1.5 measured at 0.5m", , , , , "1.21", , , , , , , , 
"US-SP3", "28330", "GRP_SOIL_CHEM", , "10", "100", , , "8", , , , , , , , , , , , 
"US-SRM", "26762", "GRP_SOIL_CHEM", , "0", "20", , "Tiedemann&Klemmendson, Soil Sci. Soc. Am. J. 50: 472-475", , "1993", , , "1.5", , , , , , , , 
"US-SRM", "27057", "GRP_SOIL_CHEM", , "59", "110", , "PH varies considerably between the two soils described on WS6", , , "8.4", , , , , , , , , , 
"US-SRM", "27064", "GRP_SOIL_CHEM", , "0", "2", , "PH varies considerably between the two soils described on WS6", , , "8.6", , , , , , , , , , 
"US-SRM", "27604", "GRP_SOIL_CHEM", , "0", "20", , "from Tiedemann&Klemmendson, Soil Sci. Soc. Am. J. 50: 472-475, also agrees well within the range in Table 2 of Wheeler et al. 2007 Ecol. Applications, 17, 1911-1928", , "1981", , "0.98628", , , , , , , , , 
"US-SRM", "28322", "GRP_SOIL_CHEM", , "110", "140", , "PH varies considerably between the two soils described on WS6", , , "8.1", , , , , , , , , , 
"US-SRM", "28325", "GRP_SOIL_CHEM", , "0", "20", , "Organic C only, not total C, = ((0.06*8*1380+0.08*3.8*1540+0.06*3.1*1580)/1000 )*0.35+((0.06*3*1580+0.08*2.4*1620+0.06*2.6*1600)/1000 )*(1-0.35) Tiedemann&Klemmendson, Soil Sci. Soc. Am. J. 50: 472-475, also agrees well within the range in Table 2 of Wheeler et al. 2007 Ecol. Applications, 17, 1911-1928", "10.4783", "1981", , , , , , , , , , , 
"US-SRM", "29167", "GRP_SOIL_CHEM", , "9", "59", , "PH varies considerably between the two soils described on WS6", , , "8.2", , , , , , , , , , 
"US-SRM", "29171", "GRP_SOIL_CHEM", , "2", "9", , "PH varies considerably between the two soils described on WS6", , , "8.4", , , , , , , , , , 
"US-Syv", "29486", "GRP_SOIL_CHEM", , "0", "60", , "(top 60 cm); 2007 Fluxnet File", "104.67", , , , , , , , , , , , 
"US-Ton", "22039", "GRP_SOIL_CHEM", , "0", "30", , , , "20010425", , , "1.6441975309", , , , "0.10796027519", "Top of mineral soil", "27", "0", 
"US-Ton", "22040", "GRP_SOIL_CHEM", , "0", "60", , , , "20110502", , , "1.5805109047", , , , "0.4661854149", , "69", , 
"US-Ton", "22041", "GRP_SOIL_CHEM", , "0", "10", , , , "20110502", , , "1.4210887234", , , , "0.24261582016", , "12", , 
"US-Ton", "22042", "GRP_SOIL_CHEM", , "10", "20", , , , "20110502", , , "1.5748308674", , , , "0.28707411562", , "12", , 
"US-Ton", "22043", "GRP_SOIL_CHEM", , "20", "30", , , , "20110502", , , "1.5217769331", , , , "0.27539306697", , "12", , 
"US-Ton", "22044", "GRP_SOIL_CHEM", , "30", "40", , , , "20110502", , , "1.5838081838", , , , "0.42850606276", , "12", , 
"US-Ton", "22045", "GRP_SOIL_CHEM", , "40", "50", , , , "20110502", , , "1.4446378263", , , , "0.29768789259", , "12", , 
"US-Ton", "22046", "GRP_SOIL_CHEM", , "50", "60", , , , "20110502", , , "1.3085325233", , , , "0.42681480863", , "6", , 
"US-UMB", "23957", "GRP_SOIL_CHEM", , "40", "80", "Total", , "31.25", "20031001", , , , , , , , , , , 
"US-UMB", "24065", "GRP_SOIL_CHEM", , "0", "7", "Total", "Includes O layer (.018 m depth)", , "20000501", , , "0.88", , , , , , , , 
"US-UMB", "24345", "GRP_SOIL_CHEM", , "0", "15", "Total", , , "19980721", "4.99", , , , , , , , , , 
"US-UMB", "24851", "GRP_SOIL_CHEM", , "50", "100", "Total", "USDA, Soil Conservation Service, Soil Survey of Cheboygan County, Michigan", , "19870701", , , "1.5", , , , , , , , 
"US-UMB", "24852", "GRP_SOIL_CHEM", , "0", "20", "Total", , "21.62", "20031001", , , , , , , , , , , 
"US-UMB", "24880", "GRP_SOIL_CHEM", , "0", "15", "Total", "litter layer removed", , "19980721", , "0.57", , , , , , , , , 
"US-UMB", "25112", "GRP_SOIL_CHEM", , "10", "50", "Total", "USDA, Soil Conservation Service, Soil Survey of Cheboygan County, Michigan", , "19870701", , , "1.45", , , , , , , , 
"US-UMB", "25113", "GRP_SOIL_CHEM", , "20", "40", "Total", , "27.53", "20031001", , , , , , , , , , , 
"US-Var", "22047", "GRP_SOIL_CHEM", , "0", "30", , , , "20010425", , , "1.4333333333", , , , "0.1246739337", "Top of mineral soil", "27", "0", 
"US-WBW", "23647", "GRP_SOIL_CHEM", , , , "Total", "78.9 Mg C ha-¹           'http://public.ornl.gov/ameriflux/Site_Info/siteInfo.cfm?KEYID=us.walker_branch.01", "78.9", , , , , , , , , , , , 
"US-WCr", "27043", "GRP_SOIL_CHEM", , "2", "4", , "P. Bolstad", , , , , "2.53", , , , , , , , 
"US-WCr", "27044", "GRP_SOIL_CHEM", , "0", "30", , "(0-30 cm, including litter layer); Cook et al 2004", "107", , , "7.4", , , , , , , , , 
"US-WCr", "27344", "GRP_SOIL_CHEM", , "0", "1", , "P. Bolstad", , , , , "1.55", , , , , , , , 
"US-WCr", "27590", "GRP_SOIL_CHEM", , "1", "2", , "P. Bolstad", , , , , "2.18", , , , , , , , 
"US-WCr", "27591", "GRP_SOIL_CHEM", , "0", "60", , "(top 60 cm); 2007 Fluxnet file", "94.73", , , , , , , , , , , , 
"US-Wkg", "23933", "GRP_SOIL_CHEM", , "0", "0", "Organic", , "0", , , , "0", , , , , , , , 
"US-Wkg", "24174", "GRP_SOIL_CHEM", , "0", "147", "B", , "7.5", , "7.6", , "1.4", , , , , , , , 
"US-Wkg", "24942", "GRP_SOIL_CHEM", , "0", "5", "A", , "10", , "7.4", , "1.35", , , , , , , , 
"US-Wrc", "23786", "GRP_SOIL_CHEM", , "0", "5.8", "Organic", , "13", , , , , , , , , , , , 
"US-Wrc", "24287", "GRP_SOIL_CHEM", , "200", "300", "Total", , "111", , , , , , , , , , , , 
"US-Wrc", "24551", "GRP_SOIL_CHEM", , "0", "10", "A", , "56", , "5.3", , "0.81", , , , , , , , 
"US-Wrc", "24946", "GRP_SOIL_CHEM", , "0", "35", "B", , "41", , "5.3", , "0.81", , , , , , , , 
