"SITE_ID", "GROUP_ID", "VARIABLE_GROUP", "AG_PROD_TREE", "AG_PROD_TREE_ORGAN", "AG_PROD_TREE_UNIT", "AG_PROD_DATE_START", "AG_PROD_COMMENT", "AG_PROD_APPROACH", "AG_PROD_TREE_SPATIAL_VARIABILITY", "AG_PROD_TREE_SPATIAL_REP_NUMBER", "AG_PROD_DATE_END", "AG_PROD_DATE_UNC", 
"CA-Man", "25490", "GRP_AG_PROD_TREE", "73", "Wood", "gC m-2", "1994", "data from Gower et al. (1997, J Geophy Res 102, 29029-29041)", , , , , , 
"CA-Man", "25861", "GRP_AG_PROD_TREE", "5", "Foliage", "gC m-2", "1994", "data from Gower et al. (1997, J Geophy Res 102, 29029-29041)", , , , , , 
"CA-Man", "26146", "GRP_AG_PROD_TREE", "66", "Wood", "gC m-2", "1993", "data from Gower et al. (1997, J Geophy Res 102, 29029-29041)", , , , , , 
"CA-Man", "26147", "GRP_AG_PROD_TREE", "71", "Total", "gC m-2", "1993", "data from Gower et al. (1997, J Geophy Res 102, 29029-29041)", , , , , , 
"CA-Man", "26501", "GRP_AG_PROD_TREE", "5", "Foliage", "gC m-2", "1993", "data from Gower et al. (1997, J Geophy Res 102, 29029-29041)", , , , , , 
"CA-Man", "26640", "GRP_AG_PROD_TREE", "78", "Total", "gC m-2", "1994", "data from Gower et al. (1997, J Geophy Res 102, 29029-29041)", , , , , , 
"CA-Oas", "25452", "GRP_AG_PROD_TREE", "185", "Wood", "gC m-2", , "Data from Alison Deanne Theede (2007)", , , , , , 
"CA-Oas", "26335", "GRP_AG_PROD_TREE", "185", "Total", "gC m-2", , "Data from Alison Deanne Theede (2007)", , , , , , 
"CA-Obs", "25331", "GRP_AG_PROD_TREE", "7", "Foliage", "gC m-2", "1993", "Gower et al. (1997, J Geophy Res, 29029-29041)", , , , , , 
"CA-Obs", "25332", "GRP_AG_PROD_TREE", "88", "Total", "gC m-2", "1994", "Gower et al. (1997, J Geophy Res, 29029-29041)", , , , , , 
"CA-Obs", "25711", "GRP_AG_PROD_TREE", "78", "Wood", "gC m-2", "1993", "Gower et al. (1997, J Geophy Res, 29029-29041)", , , , , , 
"CA-Obs", "25712", "GRP_AG_PROD_TREE", "8", "Foliage", "gC m-2", "1994", "Gower et al. (1997, J Geophy Res, 29029-29041)", , , , , , 
"CA-Obs", "25947", "GRP_AG_PROD_TREE", "85", "Total", "gC m-2", "1993", "Gower et al. (1997, J Geophy Res, 29029-29041)", , , , , , 
"CA-Obs", "26597", "GRP_AG_PROD_TREE", "80", "Wood", "gC m-2", "1994", "Gower et al. (1997, J Geophy Res, 29029-29041)", , , , , , 
"CA-Ojp", "29246", "GRP_AG_PROD_TREE", "20", "Foliage", "gC m-2", "2000", "1999-2000;  Howard et al 2004 (Global Change Biology 10,1-18)", , , , , , 
"CA-Ojp", "29247", "GRP_AG_PROD_TREE", "70", "Wood", "gC m-2", "2000", "1999-2000;  Howard et al 2004 (Global Change Biology 10,1-18)", , , , , , 
"CA-Ojp", "29361", "GRP_AG_PROD_TREE", "90", "Total", "gC m-2", "2000", "1999-2000;  Howard et al 2004 (Global Change Biology 10,1-18)", , , , , , 
"CA-SJ3", "27012", "GRP_AG_PROD_TREE", "150", "Wood", "gC m-2", "1999", "1999-2000; NPP from Howard et al. (2004, Global Change Biology 10)", , , , , , 
"CA-SJ3", "27305", "GRP_AG_PROD_TREE", "150", "Wood", "gC m-2", "2000", "1999-2000; NPP from Howard et al. (2004, Global Change Biology 10)", , , , , , 
"CA-SJ3", "27928", "GRP_AG_PROD_TREE", "50", "Foliage", "gC m-2", "2000", "1999-2000; NPP from Howard et al. (2004, Global Change Biology 10)", , , , , , 
"CA-SJ3", "28192", "GRP_AG_PROD_TREE", "200", "Total", "gC m-2", "2000", "1999-2000; (litterfall); NPP from Howard et al. (2004, Global Change Biology 10)", , , , , , 
"CA-SJ3", "29017", "GRP_AG_PROD_TREE", "200", "Total", "gC m-2", "1999", "1999-2000; (litterfall); NPP from Howard et al. (2004, Global Change Biology 10)", , , , , , 
"CA-SJ3", "29478", "GRP_AG_PROD_TREE", "50", "Foliage", "gC m-2", "1999", "1999-2000; NPP from Howard et al. (2004, Global Change Biology 10)", , , , , , 
"CA-TP1", "26851", "GRP_AG_PROD_TREE", "95.2336551643891", "Wood", "gC m-2", "20071016", "total aboveground production is estimated from separate allom. Eq.- not as the sum of foliage + wood", "difference between annual standing wood biomass stock", , , , , 
"CA-TP1", "27560", "GRP_AG_PROD_TREE", "97.124463949211", "Wood", "gC m-2", "20061002", "total aboveground production is estimated from separate allom. Eq.- not as the sum of foliage + wood", "difference between annual standing wood biomass stock", , , , , 
"CA-TP1", "27908", "GRP_AG_PROD_TREE", "81.5179491595306", "Foliage", "gC m-2", "20061002", "total aboveground production is estimated from separate allom. Eq.- not as the sum of foliage + wood", "difference between annual standing foliage biomass stock", , , , , 
"CA-TP1", "28173", "GRP_AG_PROD_TREE", "112.405543115895", "Total", "gC m-2", "20050928", "total aboveground production is estimated from separate allom. Eq.- not as the sum of foliage + wood", "difference between annual standing aboveground biomass stock", , , , , 
"CA-TP1", "28279", "GRP_AG_PROD_TREE", "53", "Foliage", "gC m-2", "20050928", "total aboveground production is estimated from separate allom. Eq.- not as the sum of foliage + wood", "difference between annual standing foliage biomass stock", , , , , 
"CA-TP1", "28513", "GRP_AG_PROD_TREE", "77.7899220844034", "Foliage", "gC m-2", "20071016", "total aboveground production is estimated from separate allom. Eq.- not as the sum of foliage + wood", "difference between annual standing foliage biomass stock", , , , , 
"CA-TP1", "28514", "GRP_AG_PROD_TREE", "172.35231243418", "Total", "gC m-2", "20071016", "total aboveground production is estimated from separate allom. Eq.- not as the sum of foliage + wood", "difference between annual standing aboveground biomass stock", , , , , 
"CA-TP1", "29004", "GRP_AG_PROD_TREE", "178.307420386788", "Total", "gC m-2", "20061002", "total aboveground production is estimated from separate allom. Eq.- not as the sum of foliage + wood", "difference between annual standing aboveground biomass stock", , , , , 
"CA-TP1", "29115", "GRP_AG_PROD_TREE", "59.6860561639001", "Wood", "gC m-2", "20050928", "total aboveground production is estimated from separate allom. Eq.- not as the sum of foliage + wood", "difference between annual standing wood biomass stock", , , , , 
"CA-TP2", "26856", "GRP_AG_PROD_TREE", "254.41583424736", "Wood", "gC m-2", "20050926", , "difference between annual standing wood biomass stock", , , , , 
"CA-TP2", "27004", "GRP_AG_PROD_TREE", "292.970633872384", "Total", "gC m-2", "20050926", , "difference between annual standing aboveground biomass stock", , , , , 
"CA-TP2", "27005", "GRP_AG_PROD_TREE", "301.070591345682", "Wood", "gC m-2", "20061026", , "difference between annual standing wood biomass stock", , , , , 
"CA-TP2", "27297", "GRP_AG_PROD_TREE", "345.187116846817", "Total", "gC m-2", "20061026", , "difference between annual standing aboveground biomass stock", , , , , 
"CA-TP2", "27298", "GRP_AG_PROD_TREE", "280.198988638818", "Wood", "gC m-2", "20070927", , "difference between annual standing wood biomass stock", , , , , 
"CA-TP2", "27918", "GRP_AG_PROD_TREE", "51.7866763872187", "Foliage", "gC m-2", "20070927", , "difference between annual standing foliage biomass stock", , , , , 
"CA-TP2", "28284", "GRP_AG_PROD_TREE", "317.269605715004", "Total", "gC m-2", "20070927", , "difference between annual standing aboveground biomass stock", , , , , 
"CA-TP2", "28521", "GRP_AG_PROD_TREE", "46.9137291420995", "Foliage", "gC m-2", "20050926", , "difference between annual standing foliage biomass stock", , , , , 
"CA-TP2", "29124", "GRP_AG_PROD_TREE", "55.5340929552646", "Foliage", "gC m-2", "20061026", , "difference between annual standing foliage biomass stock", , , , , 
"CA-TP3", "26720", "GRP_AG_PROD_TREE", "9.83156452701963", "Foliage", "gC m-2", "20040927", , "difference between annual standing foliage biomass stock", , , , , 
"CA-TP3", "27000", "GRP_AG_PROD_TREE", "228.424377298351", "Total", "gC m-2", "20050926", , "difference between annual standing aboveground biomass stock", , , , , 
"CA-TP3", "27291", "GRP_AG_PROD_TREE", "169.417680847871", "Total", "gC m-2", "20071104", , "difference between annual standing aboveground biomass stock", , , , , 
"CA-TP3", "27913", "GRP_AG_PROD_TREE", "111.637590591224", "Wood", "gC m-2", "20040927", , "difference between annual standing wood biomass stock", , , , , 
"CA-TP3", "27914", "GRP_AG_PROD_TREE", "127.871829324731", "Total", "gC m-2", "20040927", , "difference between annual standing aboveground biomass stock", , , , , 
"CA-TP3", "27915", "GRP_AG_PROD_TREE", "16.2334672648144", "Foliage", "gC m-2", "20071104", , "difference between annual standing foliage biomass stock", , , , , 
"CA-TP3", "28282", "GRP_AG_PROD_TREE", "17.7834624422623", "Foliage", "gC m-2", "20050926", , "difference between annual standing foliage biomass stock", , , , , 
"CA-TP3", "29009", "GRP_AG_PROD_TREE", "146.715277225621", "Wood", "gC m-2", "20071104", , "difference between annual standing wood biomass stock", , , , , 
"CA-TP3", "29472", "GRP_AG_PROD_TREE", "199.72283601038", "Wood", "gC m-2", "20050926", , "difference between annual standing wood biomass stock", , , , , 
"CA-TP4", "25246", "GRP_AG_PROD_TREE", "3.38484457662409", "Foliage", "gC m-2", "20071024", "total aboveground production estimated with separate allom. Eq., not from the sum of foliage + wood; Litter production estimated from net change in standing foliage biomass; shrub production includes understorey trees with DBH <9cm", , , , , , 
"CA-TP4", "25651", "GRP_AG_PROD_TREE", "1.01298680204255", "Foliage", "gC m-2", "20051009", "total aboveground production estimated with separate allom. Eq., not from the sum of foliage + wood; Litter production estimated from net change in standing foliage biomass; shrub production includes understorey trees with DBH <9cm", , , , , , 
"CA-TP4", "25652", "GRP_AG_PROD_TREE", "40.689355275346", "Wood", "gC m-2", "20051009", "total aboveground production estimated with separate allom. Eq., not from the sum of foliage + wood; Litter production estimated from net change in standing foliage biomass; shrub production includes understorey trees with DBH <9cm", , , , , , 
"CA-TP4", "25996", "GRP_AG_PROD_TREE", "4.83631899403994", "Foliage", "gC m-2", "20061024", "total aboveground production estimated with separate allom. Eq., not from the sum of foliage + wood; Litter production estimated from net change in standing foliage biomass; shrub production includes understorey trees with DBH <9cm", , , , , , 
"CA-TP4", "25998", "GRP_AG_PROD_TREE", "166.432219566227", "Wood", "gC m-2", "20061024", "total aboveground production estimated with separate allom. Eq., not from the sum of foliage + wood; Litter production estimated from net change in standing foliage biomass; shrub production includes understorey trees with DBH <9cm", , , , , , 
"CA-TP4", "26164", "GRP_AG_PROD_TREE", "43.7043694655337", "Total", "gC m-2", "20051009", "total aboveground production estimated with separate allom. Eq., not from the sum of foliage + wood; Litter production estimated from net change in standing foliage biomass; shrub production includes understorey trees with DBH <9cm", , , , , , 
"CA-TP4", "26268", "GRP_AG_PROD_TREE", "177.058738799335", "Total", "gC m-2", "20061024", "total aboveground production estimated with separate allom. Eq., not from the sum of foliage + wood; Litter production estimated from net change in standing foliage biomass; shrub production includes understorey trees with DBH <9cm", , , , , , 
"CA-TP4", "26269", "GRP_AG_PROD_TREE", "134.257369115123", "Wood", "gC m-2", "20071024", "total aboveground production estimated with separate allom. Eq., not from the sum of foliage + wood; Litter production estimated from net change in standing foliage biomass; shrub production includes understorey trees with DBH <9cm", , , , , , 
"CA-TP4", "26651", "GRP_AG_PROD_TREE", "143.995597744051", "Total", "gC m-2", "20071024", "total aboveground production estimated with separate allom. Eq., not from the sum of foliage + wood; Litter production estimated from net change in standing foliage biomass; shrub production includes understorey trees with DBH <9cm", , , , , , 
"US-Atq", "23723", "GRP_AG_PROD_TREE", "0", "Total", "gC m-2", , "No trees or crops.", , , , , , 
"US-Atq", "24492", "GRP_AG_PROD_TREE", "0", "Wood", "gC m-2", , "No trees or crops.", , , , , , 
"US-Atq", "24999", "GRP_AG_PROD_TREE", "0", "Foliage", "gC m-2", , "No trees or crops.", , , , , , 
"US-Bar", "24092", "GRP_AG_PROD_TREE", "120", "Wood", "gC m-2", "2006", , "C.M. Hoover (Ed.). 2008. Field measurements for forest carbon monitoring: A landscape-scale approach. Springer, New York (in press).", , , , , 
"US-Bar", "24247", "GRP_AG_PROD_TREE", "150", "Foliage", "gC m-2", "2004", , , , , , , 
"US-Bar", "24248", "GRP_AG_PROD_TREE", "120", "Wood", "gC m-2", "2004", , "C.M. Hoover (Ed.). 2008. Field measurements for forest carbon monitoring: A landscape-scale approach. Springer, New York (in press).", , , , , 
"US-Bar", "24635", "GRP_AG_PROD_TREE", "150", "Foliage", "gC m-2", "2005", , , , , , , 
"US-Bar", "24636", "GRP_AG_PROD_TREE", "150", "Foliage", "gC m-2", "2006", , , , , , , 
"US-Bar", "25135", "GRP_AG_PROD_TREE", "120", "Wood", "gC m-2", "2005", , "C.M. Hoover (Ed.). 2008. Field measurements for forest carbon monitoring: A landscape-scale approach. Springer, New York (in press).", , , , , 
"US-Brw", "24750", "GRP_AG_PROD_TREE", "0", "Foliage", "gC m-2", , "No trees or crops.", , , , , , 
"US-Brw", "24751", "GRP_AG_PROD_TREE", "0", "Wood", "gC m-2", , "No trees or crops.", , , , , , 
"US-Brw", "24883", "GRP_AG_PROD_TREE", "0", "Total", "gC m-2", , "No trees or crops.", , , , , , 
"US-Dk2", "25159", "GRP_AG_PROD_TREE", "0", "Total", "gC m-2", , , , , , , , 
"US-Dk3", "25412", "GRP_AG_PROD_TREE", "1396", "Wood", "gC m-2", "2004", "References: (1) McCarthy, H.R. 2007 ( Long-term effects of elevated CO2, soil nutrition, water availability and disturbance on carbon relations in a loblolly pine forest.  PhD Dissertation.    Nicholas School of the Environment, Duke University. (2) McCarthy HR, Oren R, Kim H-K et al. (2006) Interaction of ice storms and management practices on current carbon sequestration in forests with potential mitigation under future CO2 atmosphere. Journal of Geophysical Research - Atmospheres, 111, D15103; (3) Naidu SL, DeLucia EH, Thomas RB (1998) Contrasting patterns of biomass allocation in  dominant and suppressed loblolly pine. Canadian Journal of Forest Research, 28, 1116-1124; (4) Oren R, Ellsworth DS, Johnsen KH et al. (2001) Soil fertility limits carbon sequestration by forest ecosystems in a CO2 - enriched atmosphere. Nature, 411, 469-472.", , , , , , 
"US-Dk3", "25542", "GRP_AG_PROD_TREE", "220", "Foliage", "gC m-2", "2002", "References: (1) McCarthy, H.R. 2007 ( Long-term effects of elevated CO2, soil nutrition, water availability and disturbance on carbon relations in a loblolly pine forest.  PhD Dissertation.    Nicholas School of the Environment, Duke University. (2) McCarthy HR, Oren R, Kim H-K et al. (2006) Interaction of ice storms and management practices on current carbon sequestration in forests with potential mitigation under future CO2 atmosphere. Journal of Geophysical Research - Atmospheres, 111, D15103; (3) Naidu SL, DeLucia EH, Thomas RB (1998) Contrasting patterns of biomass allocation in  dominant and suppressed loblolly pine. Canadian Journal of Forest Research, 28, 1116-1124; (4) Oren R, Ellsworth DS, Johnsen KH et al. (2001) Soil fertility limits carbon sequestration by forest ecosystems in a CO2 - enriched atmosphere. Nature, 411, 469-472.", , , , , , 
"US-Dk3", "25917", "GRP_AG_PROD_TREE", "1444", "Wood", "gC m-2", "2001", "References: (1) McCarthy, H.R. 2007 ( Long-term effects of elevated CO2, soil nutrition, water availability and disturbance on carbon relations in a loblolly pine forest.  PhD Dissertation.    Nicholas School of the Environment, Duke University. (2) McCarthy HR, Oren R, Kim H-K et al. (2006) Interaction of ice storms and management practices on current carbon sequestration in forests with potential mitigation under future CO2 atmosphere. Journal of Geophysical Research - Atmospheres, 111, D15103; (3) Naidu SL, DeLucia EH, Thomas RB (1998) Contrasting patterns of biomass allocation in  dominant and suppressed loblolly pine. Canadian Journal of Forest Research, 28, 1116-1124; (4) Oren R, Ellsworth DS, Johnsen KH et al. (2001) Soil fertility limits carbon sequestration by forest ecosystems in a CO2 - enriched atmosphere. Nature, 411, 469-472.", , , , , , 
"US-Dk3", "25920", "GRP_AG_PROD_TREE", "706", "Wood", "gC m-2", "2002", "References: (1) McCarthy, H.R. 2007 ( Long-term effects of elevated CO2, soil nutrition, water availability and disturbance on carbon relations in a loblolly pine forest.  PhD Dissertation.    Nicholas School of the Environment, Duke University. (2) McCarthy HR, Oren R, Kim H-K et al. (2006) Interaction of ice storms and management practices on current carbon sequestration in forests with potential mitigation under future CO2 atmosphere. Journal of Geophysical Research - Atmospheres, 111, D15103; (3) Naidu SL, DeLucia EH, Thomas RB (1998) Contrasting patterns of biomass allocation in  dominant and suppressed loblolly pine. Canadian Journal of Forest Research, 28, 1116-1124; (4) Oren R, Ellsworth DS, Johnsen KH et al. (2001) Soil fertility limits carbon sequestration by forest ecosystems in a CO2 - enriched atmosphere. Nature, 411, 469-472.", , , , , , 
"US-Dk3", "26034", "GRP_AG_PROD_TREE", "273", "Foliage", "gC m-2", "2004", "References: (1) McCarthy, H.R. 2007 ( Long-term effects of elevated CO2, soil nutrition, water availability and disturbance on carbon relations in a loblolly pine forest.  PhD Dissertation.    Nicholas School of the Environment, Duke University. (2) McCarthy HR, Oren R, Kim H-K et al. (2006) Interaction of ice storms and management practices on current carbon sequestration in forests with potential mitigation under future CO2 atmosphere. Journal of Geophysical Research - Atmospheres, 111, D15103; (3) Naidu SL, DeLucia EH, Thomas RB (1998) Contrasting patterns of biomass allocation in  dominant and suppressed loblolly pine. Canadian Journal of Forest Research, 28, 1116-1124; (4) Oren R, Ellsworth DS, Johnsen KH et al. (2001) Soil fertility limits carbon sequestration by forest ecosystems in a CO2 - enriched atmosphere. Nature, 411, 469-472.", , , , , , 
"US-Dk3", "26936", "GRP_AG_PROD_TREE", "1308", "Wood", "gC m-2", "2003", "References: (1) McCarthy, H.R. 2007 ( Long-term effects of elevated CO2, soil nutrition, water availability and disturbance on carbon relations in a loblolly pine forest.  PhD Dissertation.    Nicholas School of the Environment, Duke University. (2) McCarthy HR, Oren R, Kim H-K et al. (2006) Interaction of ice storms and management practices on current carbon sequestration in forests with potential mitigation under future CO2 atmosphere. Journal of Geophysical Research - Atmospheres, 111, D15103; (3) Naidu SL, DeLucia EH, Thomas RB (1998) Contrasting patterns of biomass allocation in  dominant and suppressed loblolly pine. Canadian Journal of Forest Research, 28, 1116-1124; (4) Oren R, Ellsworth DS, Johnsen KH et al. (2001) Soil fertility limits carbon sequestration by forest ecosystems in a CO2 - enriched atmosphere. Nature, 411, 469-472.", , , , , , 
"US-Dk3", "27856", "GRP_AG_PROD_TREE", "243", "Foliage", "gC m-2", "2005", "References: (1) McCarthy, H.R. 2007 ( Long-term effects of elevated CO2, soil nutrition, water availability and disturbance on carbon relations in a loblolly pine forest.  PhD Dissertation.    Nicholas School of the Environment, Duke University. (2) McCarthy HR, Oren R, Kim H-K et al. (2006) Interaction of ice storms and management practices on current carbon sequestration in forests with potential mitigation under future CO2 atmosphere. Journal of Geophysical Research - Atmospheres, 111, D15103; (3) Naidu SL, DeLucia EH, Thomas RB (1998) Contrasting patterns of biomass allocation in  dominant and suppressed loblolly pine. Canadian Journal of Forest Research, 28, 1116-1124; (4) Oren R, Ellsworth DS, Johnsen KH et al. (2001) Soil fertility limits carbon sequestration by forest ecosystems in a CO2 - enriched atmosphere. Nature, 411, 469-472.", , , , , , 
"US-Dk3", "28110", "GRP_AG_PROD_TREE", "262", "Foliage", "gC m-2", "2001", "References: (1) McCarthy, H.R. 2007 ( Long-term effects of elevated CO2, soil nutrition, water availability and disturbance on carbon relations in a loblolly pine forest.  PhD Dissertation.    Nicholas School of the Environment, Duke University. (2) McCarthy HR, Oren R, Kim H-K et al. (2006) Interaction of ice storms and management practices on current carbon sequestration in forests with potential mitigation under future CO2 atmosphere. Journal of Geophysical Research - Atmospheres, 111, D15103; (3) Naidu SL, DeLucia EH, Thomas RB (1998) Contrasting patterns of biomass allocation in  dominant and suppressed loblolly pine. Canadian Journal of Forest Research, 28, 1116-1124; (4) Oren R, Ellsworth DS, Johnsen KH et al. (2001) Soil fertility limits carbon sequestration by forest ecosystems in a CO2 - enriched atmosphere. Nature, 411, 469-472.", , , , , , 
"US-Dk3", "28253", "GRP_AG_PROD_TREE", "1122", "Wood", "gC m-2", "2005", "References: (1) McCarthy, H.R. 2007 ( Long-term effects of elevated CO2, soil nutrition, water availability and disturbance on carbon relations in a loblolly pine forest.  PhD Dissertation.    Nicholas School of the Environment, Duke University. (2) McCarthy HR, Oren R, Kim H-K et al. (2006) Interaction of ice storms and management practices on current carbon sequestration in forests with potential mitigation under future CO2 atmosphere. Journal of Geophysical Research - Atmospheres, 111, D15103; (3) Naidu SL, DeLucia EH, Thomas RB (1998) Contrasting patterns of biomass allocation in  dominant and suppressed loblolly pine. Canadian Journal of Forest Research, 28, 1116-1124; (4) Oren R, Ellsworth DS, Johnsen KH et al. (2001) Soil fertility limits carbon sequestration by forest ecosystems in a CO2 - enriched atmosphere. Nature, 411, 469-472.", , , , , , 
"US-Dk3", "28454", "GRP_AG_PROD_TREE", "226", "Foliage", "gC m-2", "2003", "References: (1) McCarthy, H.R. 2007 ( Long-term effects of elevated CO2, soil nutrition, water availability and disturbance on carbon relations in a loblolly pine forest.  PhD Dissertation.    Nicholas School of the Environment, Duke University. (2) McCarthy HR, Oren R, Kim H-K et al. (2006) Interaction of ice storms and management practices on current carbon sequestration in forests with potential mitigation under future CO2 atmosphere. Journal of Geophysical Research - Atmospheres, 111, D15103; (3) Naidu SL, DeLucia EH, Thomas RB (1998) Contrasting patterns of biomass allocation in  dominant and suppressed loblolly pine. Canadian Journal of Forest Research, 28, 1116-1124; (4) Oren R, Ellsworth DS, Johnsen KH et al. (2001) Soil fertility limits carbon sequestration by forest ecosystems in a CO2 - enriched atmosphere. Nature, 411, 469-472.", , , , , , 
"US-Fmf", "26783", "GRP_AG_PROD_TREE", "64", "Total", "gC m-2", "20060907", , , , , , , 
"US-Fmf", "28843", "GRP_AG_PROD_TREE", "70", "Total", "gC m-2", "20070907", , , , , , , 
"US-Fuf", "27625", "GRP_AG_PROD_TREE", "66", "Total", "gC m-2", "20070907", , , , , , , 
"US-Fuf", "29210", "GRP_AG_PROD_TREE", "56", "Total", "gC m-2", "20060907", , , , , , , 
"US-Ha1", "17300", "GRP_AG_PROD_TREE", "446", "Wood", "gC m-2", "1993", , , "476", "34", "19980428", , 
"US-Ha1", "17307", "GRP_AG_PROD_TREE", "109", "Wood", "gC m-2", "19980428", , , "54", "34", "19981030", , 
"US-Ha1", "17313", "GRP_AG_PROD_TREE", "131", "Wood", "gC m-2", "19981030", , , "48", "34", "19991027", , 
"US-Ha1", "17319", "GRP_AG_PROD_TREE", "149", "Wood", "gC m-2", "19991027", , , "65", "34", "20001024", , 
"US-Ha1", "17325", "GRP_AG_PROD_TREE", "147", "Wood", "gC m-2", "20001024", , , "62", "34", "20011026", , 
"US-Ha1", "17329", "GRP_AG_PROD_TREE", "166", "Wood", "gC m-2", "20011026", , , "63", "34", "20021114", , 
"US-Ha1", "17332", "GRP_AG_PROD_TREE", "145", "Wood", "gC m-2", "20021114", , , "61", "34", "20031113", , 
"US-Ha1", "17336", "GRP_AG_PROD_TREE", "164", "Wood", "gC m-2", "20031113", , , "61", "34", "20040113", , 
"US-Ha1", "17339", "GRP_AG_PROD_TREE", "194", "Wood", "gC m-2", "20040113", , , "72", "34", "20050112", , 
"US-Ha1", "17343", "GRP_AG_PROD_TREE", "181", "Wood", "gC m-2", "20050112", , , "70", "34", "20061114", , 
"US-Ha1", "17346", "GRP_AG_PROD_TREE", "189", "Wood", "gC m-2", "20061114", , , "70", "34", "20071120", , 
"US-Ha1", "17349", "GRP_AG_PROD_TREE", "216", "Wood", "gC m-2", "20071120", , , "101", "34", "20081120", , 
"US-Ha1", "17352", "GRP_AG_PROD_TREE", "203", "Wood", "gC m-2", "20081120", , , "74", "34", "20090121", , 
"US-Ha1", "17355", "GRP_AG_PROD_TREE", "259", "Wood", "gC m-2", "20090121", , , "141", "34", "20100127", , 
"US-Ha1", "17357", "GRP_AG_PROD_TREE", "187", "Wood", "gC m-2", "20100127", , , "64", "34", "20110121", , 
"US-Ha1", "17359", "GRP_AG_PROD_TREE", "167", "Wood", "gC m-2", "20110121", , , "79", "34", "20120124", , 
"US-Ha1", "17361", "GRP_AG_PROD_TREE", "177", "Wood", "gC m-2", "20120124", , , "58", "34", "20131212", , 
"US-Los", "27014", "GRP_AG_PROD_TREE", "446", "Total", "gC m-2", , "Tang, personal communication", , , , , , 
"US-Me1", "24438", "GRP_AG_PROD_TREE", "0", "Foliage", "gC m-2", "2003", , , , , , , 
"US-Me1", "24827", "GRP_AG_PROD_TREE", "0", "Wood", "gC m-2", "2003", , , , , , , 
"US-Me2", "19591", "GRP_AG_PROD_TREE", "206.63578456", "Wood", "gC m-2", "2002", , , , , , , 
"US-Me2", "19594", "GRP_AG_PROD_TREE", "99.906666667", "Foliage", "gC m-2", "2003", , , , , , , 
"US-Me2", "19597", "GRP_AG_PROD_TREE", "152.05756834", "Wood", "gC m-2", "2003", , , , , , , 
"US-Me2", "19600", "GRP_AG_PROD_TREE", "124.99773258", "Foliage", "gC m-2", "2004", , , , , , , 
"US-Me2", "19603", "GRP_AG_PROD_TREE", "175.07783027", "Wood", "gC m-2", "2004", , , , , , , 
"US-Me2", "19606", "GRP_AG_PROD_TREE", "119.47177377", "Foliage", "gC m-2", "2005", , , , , , , 
"US-Me2", "19608", "GRP_AG_PROD_TREE", "162.50619939", "Foliage", "gC m-2", "2010", , , , , , , 
"US-Me2", "19610", "GRP_AG_PROD_TREE", "229.85215371", "Wood", "gC m-2", "2010", , , , , , , 
"US-Me2", "19612", "GRP_AG_PROD_TREE", "125.99251099", "Foliage", "gC m-2", "2011", , , , , , , 
"US-Me2", "19614", "GRP_AG_PROD_TREE", "192.07945562", "Wood", "gC m-2", "2011", , , , , , , 
"US-Me2", "19632", "GRP_AG_PROD_TREE", "171.80625264", "Wood", "gC m-2", "2005", , , , , , , 
"US-Me2", "19634", "GRP_AG_PROD_TREE", "106.39322286", "Foliage", "gC m-2", "2006", , , , , , , 
"US-Me2", "19636", "GRP_AG_PROD_TREE", "164.74715613", "Wood", "gC m-2", "2006", , , , , , , 
"US-Me2", "19638", "GRP_AG_PROD_TREE", "143.62045972", "Foliage", "gC m-2", "2007", , , , , , , 
"US-Me2", "19640", "GRP_AG_PROD_TREE", "198.83647573", "Wood", "gC m-2", "2007", , , , , , , 
"US-Me2", "19642", "GRP_AG_PROD_TREE", "135.63499958", "Foliage", "gC m-2", "2008", , , , , , , 
"US-Me2", "19644", "GRP_AG_PROD_TREE", "195.4205157", "Wood", "gC m-2", "2008", , , , , , , 
"US-Me2", "19646", "GRP_AG_PROD_TREE", "107.46370753", "Foliage", "gC m-2", "2009", , , , , , , 
"US-Me2", "19648", "GRP_AG_PROD_TREE", "171.39911648", "Wood", "gC m-2", "2009", , , , , , , 
"US-Me2", "19668", "GRP_AG_PROD_TREE", "121.05663794", "Foliage", "gC m-2", "2002", , , , , , , 
"US-Me3", "24843", "GRP_AG_PROD_TREE", "15.6", "Foliage", "gC m-2", "2003", , , , , , , 
"US-Me3", "25098", "GRP_AG_PROD_TREE", "10.1", "Wood", "gC m-2", "2003", , , , , , , 
"US-Me4", "23680", "GRP_AG_PROD_TREE", "48", "Foliage", "gC m-2", "2001", , , , , , , 
"US-Me4", "23681", "GRP_AG_PROD_TREE", "54", "Wood", "gC m-2", "2001", , , , , , , 
"US-Me4", "23809", "GRP_AG_PROD_TREE", "73", "Foliage", "gC m-2", "2001", , , , , , , 
"US-Me4", "24698", "GRP_AG_PROD_TREE", "169", "Wood", "gC m-2", "2001", , , , , , , 
"US-Me5", "24693", "GRP_AG_PROD_TREE", "36", "Foliage", "gC m-2", "2001", , , , , , , 
"US-Me5", "24831", "GRP_AG_PROD_TREE", "72", "Wood", "gC m-2", "2001", , , , , , , 
"US-MMS", "18306", "GRP_AG_PROD_TREE", "224", "Foliage", "gC m-2", "200301", , , , , "200312", , 
"US-MMS", "18308", "GRP_AG_PROD_TREE", "219", "Foliage", "gC m-2", "200401", , , , , "200412", , 
"US-MMS", "18310", "GRP_AG_PROD_TREE", "227", "Foliage", "gC m-2", "200501", , , , , "200512", , 
"US-MMS", "18312", "GRP_AG_PROD_TREE", "218", "Foliage", "gC m-2", "200001", , , , , "200012", , 
"US-MMS", "18314", "GRP_AG_PROD_TREE", "208", "Foliage", "gC m-2", "200101", , , , , "200112", , 
"US-MMS", "18315", "GRP_AG_PROD_TREE", "279", "Wood", "gC m-2", "2003", , , , , , , 
"US-MMS", "18316", "GRP_AG_PROD_TREE", "300", "Wood", "gC m-2", "2004", , , , , , , 
"US-MMS", "18317", "GRP_AG_PROD_TREE", "336", "Wood", "gC m-2", "2005", , , , , , , 
"US-MMS", "18318", "GRP_AG_PROD_TREE", "286", "Wood", "gC m-2", "1998", , , , , , , 
"US-MMS", "18337", "GRP_AG_PROD_TREE", "230", "Foliage", "gC m-2", "2002", , , , , , , 
"US-MMS", "18339", "GRP_AG_PROD_TREE", "224", "Foliage", "gC m-2", "1999", , , , , , , 
"US-MMS", "18341", "GRP_AG_PROD_TREE", "210", "Foliage", "gC m-2", "1998", , , , , , , 
"US-MMS", "18343", "GRP_AG_PROD_TREE", "502", "Total", "gC m-2", "2002", , , , , , , 
"US-MMS", "18345", "GRP_AG_PROD_TREE", "285", "Total", "gC m-2", "2003", , , , , , , 
"US-MMS", "18347", "GRP_AG_PROD_TREE", "507", "Total", "gC m-2", "2004", , , , , , , 
"US-MMS", "18349", "GRP_AG_PROD_TREE", "497", "Total", "gC m-2", "1999", , , , , , , 
"US-MMS", "18350", "GRP_AG_PROD_TREE", "554", "Total", "gC m-2", "2000", , , , , , , 
"US-MMS", "18351", "GRP_AG_PROD_TREE", "556", "Total", "gC m-2", "2001", , , , , , , 
"US-MMS", "18352", "GRP_AG_PROD_TREE", "547", "Total", "gC m-2", "2005", , , , , , , 
"US-MMS", "18353", "GRP_AG_PROD_TREE", "484", "Total", "gC m-2", "1998", , , , , , , 
"US-MMS", "18354", "GRP_AG_PROD_TREE", "286", "Wood", "gC m-2", "1999", , , , , , , 
"US-MMS", "18355", "GRP_AG_PROD_TREE", "345", "Wood", "gC m-2", "2000", , , , , , , 
"US-MMS", "18356", "GRP_AG_PROD_TREE", "366", "Wood", "gC m-2", "2001", , , , , , , 
"US-MMS", "18357", "GRP_AG_PROD_TREE", "289", "Wood", "gC m-2", "2002", , , , , , , 
"US-PFa", "26869", "GRP_AG_PROD_TREE", "290", "Total", "gC m-2", , "mixed = 290 (dry basis); Burrows dissertation", , , , , , 
"US-PFa", "27576", "GRP_AG_PROD_TREE", "120", "Wood", "gC m-2", , "NPP Wood =120 (dry basis); Burrows dissertation", , , , , , 
"US-PFa", "27944", "GRP_AG_PROD_TREE", "95", "Total", "gC m-2", "2004", "Mean Annual Aboveground Biomass Increment =95 (dry basis); 2004/2006 average summer sampling; Ryan Anderson", , , , , , 
"US-PFa", "28204", "GRP_AG_PROD_TREE", "95", "Total", "gC m-2", "2005", "Mean Annual Aboveground Biomass Increment =95 (dry basis); 2004/2006 average summer sampling; Ryan Anderson", , , , , , 
"US-PFa", "28205", "GRP_AG_PROD_TREE", "95", "Total", "gC m-2", "2006", "Mean Annual Aboveground Biomass Increment =95 (dry basis); 2004/2006 average summer sampling; Ryan Anderson", , , , , , 
"US-PFa", "28300", "GRP_AG_PROD_TREE", "200", "Total", "gC m-2", , "nonforest wetland = 200 (dry basis); Burrows dissertation", , , , , , 
"US-PFa", "28301", "GRP_AG_PROD_TREE", "220", "Total", "gC m-2", , "upland conifer = 220 (dry basis); Burrows dissertation", , , , , , 
"US-PFa", "28543", "GRP_AG_PROD_TREE", "201", "Total", "gC m-2", , "Forest Wetland = 201 (dry basis); Burrows dissertation", , , , , , 
"US-PFa", "28544", "GRP_AG_PROD_TREE", "350", "Total", "gC m-2", , "hardwood= 350 (dry basis); Burrows dissertation", , , , , , 
"US-PFa", "29029", "GRP_AG_PROD_TREE", "102.5", "Foliage", "gC m-2", , "NPP Foliage = 102.5 (dry basis); Burrows dissertation", , , , , , 
"US-PFa", "29030", "GRP_AG_PROD_TREE", "340", "Total", "gC m-2", , "Aspen = 340 (dry basis); Burrows dissertation", , , , , , 
"US-PFa", "29140", "GRP_AG_PROD_TREE", "260", "Total", "gC m-2", , "Site Mean = 260 (dry basis); Burrows dissertation", , , , , , 
"US-PFa", "29490", "GRP_AG_PROD_TREE", "250", "Total", "gC m-2", , "red pine =250 (dry basis); Burrows dissertation", , , , , , 
"US-Slt", "27176", "GRP_AG_PROD_TREE", "66.8", "Wood", "gC m-2", "2004", "Five 201 m2 plots for trees, ten to twenty 1 m2 plots for clip plots for shrubs and herbs", "Five 201 m2 plots within 100 m of the flux tower, censused annually.  Published allometric equations used to calculate foliage biomass.  Litterfall collected monthly in ten 0.4 m2 traps within 100 m of the flux tower.", "40.7", , , , 
"US-Slt", "27722", "GRP_AG_PROD_TREE", "-4.5", "Wood", "gC m-2", "2007", "Five 201 m2 plots for trees, ten to twenty 1 m2 plots for clip plots for shrubs and herbs", "Five 201 m2 plots within 100 m of the flux tower, censused annually.  Published allometric equations used to calculate foliage biomass.  Litterfall collected monthly in ten 0.4 m2 traps within 100 m of the flux tower.", "47.5", , , , 
"US-Slt", "27806", "GRP_AG_PROD_TREE", "214.2", "Foliage", "gC m-2", "2004", "Five 201 m2 plots for trees, ten to twenty 1 m2 plots for clip plots for shrubs and herbs", "Five 201 m2 plots within 100 m of the flux tower, censused annually.  Published allometric equations used to calculate foliage biomass.  Litterfall collected monthly in ten 0.4 m2 traps within 100 m of the flux tower.", "50.4", , , , 
"US-Slt", "27807", "GRP_AG_PROD_TREE", "340.7", "Total", "gC m-2", "2006", "Five 201 m2 plots for trees, ten to twenty 1 m2 plots for clip plots for shrubs and herbs", "Five 201 m2 plots within 100 m of the flux tower, censused annually.  Published allometric equations used to calculate foliage biomass.  Litterfall collected monthly in ten 0.4 m2 traps within 100 m of the flux tower.", "93.2", , , , 
"US-Slt", "28797", "GRP_AG_PROD_TREE", "217.2", "Foliage", "gC m-2", "2005", "Five 201 m2 plots for trees, ten to twenty 1 m2 plots for clip plots for shrubs and herbs", "Five 201 m2 plots within 100 m of the flux tower, censused annually.  Published allometric equations used to calculate foliage biomass.  Litterfall collected monthly in ten 0.4 m2 traps within 100 m of the flux tower.", "50.5", , , , 
"US-Slt", "28798", "GRP_AG_PROD_TREE", "90.9", "Wood", "gC m-2", "2005", "Five 201 m2 plots for trees, ten to twenty 1 m2 plots for clip plots for shrubs and herbs", "Five 201 m2 plots within 100 m of the flux tower, censused annually.  Published allometric equations used to calculate foliage biomass.  Litterfall collected monthly in ten 0.4 m2 traps within 100 m of the flux tower.", "13.9", , , , 
"US-Slt", "28799", "GRP_AG_PROD_TREE", "308.5", "Total", "gC m-2", "2005", "Five 201 m2 plots for trees, ten to twenty 1 m2 plots for clip plots for shrubs and herbs", "Five 201 m2 plots within 100 m of the flux tower, censused annually.  Published allometric equations used to calculate foliage biomass.  Litterfall collected monthly in ten 0.4 m2 traps within 100 m of the flux tower.", "51.8", , , , 
"US-Slt", "28931", "GRP_AG_PROD_TREE", "221.4", "Foliage", "gC m-2", "2006", "Five 201 m2 plots for trees, ten to twenty 1 m2 plots for clip plots for shrubs and herbs", "Five 201 m2 plots within 100 m of the flux tower, censused annually.  Published allometric equations used to calculate foliage biomass.  Litterfall collected monthly in ten 0.4 m2 traps within 100 m of the flux tower.", "50.2", , , , 
"US-Slt", "28932", "GRP_AG_PROD_TREE", "119.0", "Wood", "gC m-2", "2006", "Five 201 m2 plots for trees, ten to twenty 1 m2 plots for clip plots for shrubs and herbs", "Five 201 m2 plots within 100 m of the flux tower, censused annually.  Published allometric equations used to calculate foliage biomass.  Litterfall collected monthly in ten 0.4 m2 traps within 100 m of the flux tower.", "77.7", , , , 
"US-Slt", "29611", "GRP_AG_PROD_TREE", "281.1", "Total", "gC m-2", "2004", "Five 201 m2 plots for trees, ten to twenty 1 m2 plots for clip plots for shrubs and herbs", "Five 201 m2 plots within 100 m of the flux tower, censused annually.  Published allometric equations used to calculate foliage biomass.  Litterfall collected monthly in ten 0.4 m2 traps within 100 m of the flux tower.", "69.4", , , , 
"US-SO2", "24088", "GRP_AG_PROD_TREE", "0", "Wood", "gC m-2", , "No trees or crops.", , , , , , 
"US-SO2", "24491", "GRP_AG_PROD_TREE", "0", "Foliage", "gC m-2", , "No trees or crops.", , , , , , 
"US-SO2", "24752", "GRP_AG_PROD_TREE", "0", "Total", "gC m-2", , "No trees or crops.", , , , , , 
"US-SO3", "23850", "GRP_AG_PROD_TREE", "0", "Total", "gC m-2", , "No trees or crops.", , , , , , 
"US-SO3", "24238", "GRP_AG_PROD_TREE", "0", "Foliage", "gC m-2", , "No trees or crops.", , , , , , 
"US-SO3", "24350", "GRP_AG_PROD_TREE", "0", "Wood", "gC m-2", , "No trees or crops.", , , , , , 
"US-SO4", "24087", "GRP_AG_PROD_TREE", "0", "Foliage", "gC m-2", , "No trees or crops.", , , , , , 
"US-SO4", "24239", "GRP_AG_PROD_TREE", "0", "Wood", "gC m-2", , "No trees or crops.", , , , , , 
"US-SO4", "25000", "GRP_AG_PROD_TREE", "0", "Total", "gC m-2", , "No trees or crops.", , , , , , 
"US-SP1", "27607", "GRP_AG_PROD_TREE", "183.5", "Wood", "gC m-2", "2007", , "Increments in biomass from inventory.", , , , , 
"US-SP1", "29058", "GRP_AG_PROD_TREE", "131.5", "Foliage", "gC m-2", "2007", , "10  1m2 litterfall traps", , , , , 
"US-SP1", "29059", "GRP_AG_PROD_TREE", "315", "Total", "gC m-2", "2007", , "Increments in biomass plus foliage production.", , , , , 
"US-SP2", "27978", "GRP_AG_PROD_TREE", "520.5", "Wood", "gC m-2", "2007", , "Increments in biomass from inventory.", , , , , 
"US-SP2", "28588", "GRP_AG_PROD_TREE", "718", "Total", "gC m-2", "2007", , "Increments in biomass plus foliage production.", , , , , 
"US-SP2", "29061", "GRP_AG_PROD_TREE", "197.5", "Foliage", "gC m-2", "2007", , "10  1m2 litterfall traps", , , , , 
"US-SP3", "26782", "GRP_AG_PROD_TREE", "402", "Total", "gC m-2", "2007", , "Increments in biomass plus foliage production.", , , , , 
"US-SP3", "26932", "GRP_AG_PROD_TREE", "229", "Wood", "gC m-2", "2007", , "Increments in biomass from inventory.", , , , , 
"US-SP3", "28857", "GRP_AG_PROD_TREE", "173", "Foliage", "gC m-2", "2007", , "10  1m2 litterfall traps", , , , , 
"US-Syv", "26867", "GRP_AG_PROD_TREE", "106", "Total", "gC m-2", , "2007 Fluxnet File (above-ground NPP)", , , , , , 
"US-UMB", "18394", "GRP_AG_PROD_TREE", "784.9", "Wood", "gC m-2", "19970715", "Species specific allometric equations in the form a*D^b where D is diameter of tree stem at 1.37 m ht and a and b are species specific constants were used to determine AG woody biomass. Stem diameters were determined from manual measurments of trees in 47 - 0.08 ha  plots and a single 1.13 ha plot", , "240.94", "48", "20010715", "28", 
"US-UMB", "18405", "GRP_AG_PROD_TREE", "733.1", "wood", "gC m-2", "19980715", "Species specific allometric equations in the form a*D^b where D is diameter of tree stem at 1.37 m ht and a and b are species specific constants were used to determine AG woody biomass. Stem diameters were determined from manual measurments of trees in 13 - 0.08 ha  plots.", , "212.55", "13", "20010715", "28", 
"US-UMB", "18416", "GRP_AG_PROD_TREE", "1453.7", "wood", "gC m-2", "20010715", "Species specific allometric equations in the form a*D^b where D is diameter of tree stem at 1.37 m ht and a and b are species specific constants were used to determine AG woody biomass. Stem diameters were determined from manual measurments of trees in 60 - 0.08 ha  plots and a single 1.13 ha plot.", , "433.16", "61", "20100715", "28", 
"US-UMB", "18426", "GRP_AG_PROD_TREE", "1242.3", "wood", "gC m-2", "20030715", "Species specific allometric equations in the form a*D^b where D is diameter of tree stem at 1.37 m ht and a and b are species specific constants were used to determine AG woody biomass. Stem diameters were determined from manual measurments of trees in 20 - 0.08 ha  plots.", , "557.45", "20", "20100715", "28", 
"US-UMB", "18438", "GRP_AG_PROD_TREE", "146.3", "wood", "gC m-2", "20011102", "Species specific allometric equations in the form a*D^b where D is diameter of tree stem at 1.37 m ht and a and b are species specific constants were used to determine AG woody biomass.  Stem diameters for all trees in all plots were estimated from band dendrometer readings taken from 10 -20% of total number of trees in year 2002.  All trees manualy measured for Diameter in 2001.  See STEM_INCR data in this file for more information.", , "42.3", "61", "20021123", "4", 
"US-UMB", "18447", "GRP_AG_PROD_TREE", "162.1", "wood", "gC m-2", "20021123", "Species specific allometric equations in the form a*D^b where D is diameter of tree stem at 1.37 m ht and a and b are species specific constants were used to determine AG woody biomass.  Stem diameters for all trees in all plots were estimated from band dendrometer readings taken from 10 -20% of total number of trees.  See STEM_INCR data in this file for more information.", , "47.2", "61", "20031108", "4", 
"US-UMB", "18455", "GRP_AG_PROD_TREE", "179.7", "wood", "gC m-2", "20031108", "Species specific allometric equations in the form a*D^b where D is diameter of tree stem at 1.37 m ht and a and b are species specific constants were used to determine AG woody biomass.  Stem diameters for all trees in all plots were estimated from band dendrometer readings taken from 10 -20% of total number of trees.  See STEM_INCR data in this file for more information.", , "51.5", "81", "20041106", "4", 
"US-UMB", "18465", "GRP_AG_PROD_TREE", "157.7", "wood", "gC m-2", "20071017", "Species specific allometric equations in the form a*D^b where D is diameter of tree stem at 1.37 m ht and a and b are species specific constants were used to determine AG woody biomass.  Stem diameters for all trees in all plots were estimated from band dendrometer readings taken from 10 -20% of total number of trees.  See STEM_INCR data in this file for more information.", , "47.4", "78", "20081104", "4", 
"US-UMB", "18472", "GRP_AG_PROD_TREE", "147.8", "wood", "gC m-2", "20081104", "Species specific allometric equations in the form a*D^b where D is diameter of tree stem at 1.37 m ht and a and b are species specific constants were used to determine AG woody biomass.  Stem diameters for all trees in all plots were estimated from band dendrometer readings taken from 10 -20% of total number of trees.  See STEM_INCR data in this file for more information.", , "41.6", "78", "20091104", "4", 
"US-UMB", "18479", "GRP_AG_PROD_TREE", "315.8", "wood", "gC m-2", "20091104", "Species specific allometric equations in the form a*D^b where D is diameter of tree stem at 1.37 m ht and a and b are species specific constants were used to determine AG woody biomass.  Stem diameters for all trees in all plots were estimated from band dendrometer readings taken from 10 -20% of total number of trees in year 2009.  All trees manualy measured for Diameter in 2010.  See STEM_INCR data in this file for more information.", , "312.7", "78", "20101112", "4", 
"US-UMB", "18481", "GRP_AG_PROD_TREE", "162.5", "wood", "gC m-2", "20101112", "Species specific allometric equations in the form a*D^b where D is diameter of tree stem at 1.37 m ht and a and b are species specific constants were used to determine AG woody biomass.  Stem diameters for all trees in all plots were estimated from band dendrometer readings taken from 10 -20% of total number of trees in year 2011.  All trees manualy measured for Diameter in 2010.  See STEM_INCR data in this file for more information.", , "86.8", "78", "20111105", "4", 
"US-UMB", "18508", "GRP_AG_PROD_TREE", "193.3", "wood", "gC m-2", "19981101", "Species specific allometric equations in the form a*D^b where D is diameter of tree stem at 1.37 m ht and a and b are species specific constants were used to determine AG woody biomass.  Stem diameters for all trees in all plots were estimated from band dendrometer readings taken from 10 -20% of total number of trees.  See STEM_INCR data in this file for more information.", , "55.1", "61", "19991101", "4", 
"US-UMB", "18517", "GRP_AG_PROD_TREE", "190.7", "wood", "gC m-2", "19991101", "Species specific allometric equations in the form a*D^b where D is diameter of tree stem at 1.37 m ht and a and b are species specific constants were used to determine AG woody biomass.  Stem diameters for all trees in all plots were estimated from band dendrometer readings taken from 10 -20% of total number of trees.  See STEM_INCR data in this file for more information.", , "51.1", "61", "20001116", "4", 
"US-UMB", "18525", "GRP_AG_PROD_TREE", "268.9", "wood", "gC m-2", "20001116", "Species specific allometric equations in the form a*D^b where D is diameter of tree stem at 1.37 m ht and a and b are species specific constants were used to determine AG woody biomass.  Stem diameters for all trees in all plots were estimated from band dendrometer readings taken from 10 -20% of total number of trees in year 2000.  All trees manualy measured for Diameter in 2001.  See STEM_INCR data in this file for more information.", , "155.6", "61", "20010701", "28", 
"US-UMB", "18536", "GRP_AG_PROD_TREE", "152.4", "wood", "gC m-2", "20041106", "Species specific allometric equations in the form a*D^b where D is diameter of tree stem at 1.37 m ht and a and b are species specific constants were used to determine AG woody biomass.  Stem diameters for all trees in all plots were estimated from band dendrometer readings taken from 10 -20% of total number of trees.  See STEM_INCR data in this file for more information.", , "42.2", "81", "20051101", "4", 
"US-UMB", "18544", "GRP_AG_PROD_TREE", "179.8", "wood", "gC m-2", "20051101", "Species specific allometric equations in the form a*D^b where D is diameter of tree stem at 1.37 m ht and a and b are species specific constants were used to determine AG woody biomass.  Stem diameters for all trees in all plots were estimated from band dendrometer readings taken from 10 -20% of total number of trees.  See STEM_INCR data in this file for more information.", , "55.9", "81", "20061115", "4", 
"US-UMB", "18552", "GRP_AG_PROD_TREE", "170.6", "wood", "gC m-2", "20061115", "Species specific allometric equations in the form a*D^b where D is diameter of tree stem at 1.37 m ht and a and b are species specific constants were used to determine AG woody biomass.  Stem diameters for all trees in all plots were estimated from band dendrometer readings taken from 10 -20% of total number of trees.  See STEM_INCR data in this file for more information.", , "53.1", "81", "20071017", "4", 
"US-UMB", "18555", "GRP_AG_PROD_TREE", "164", "wood", "gC m-2", "20111105", "Species specific allometric equations in the form a*D^b where D is diameter of tree stem at 1.37 m ht and a and b are species specific constants were used to determine AG woody biomass.  Stem diameters for all trees in all plots were estimated from band dendrometer readings taken from 10 -20% of total number of trees.  See STEM_INCR data in this file for more information.", , "49.3", "78", "20121109", "4", 
"US-UMB", "18557", "GRP_AG_PROD_TREE", "171.4", "wood", "gC m-2", "20121109", "Species specific allometric equations in the form a*D^b where D is diameter of tree stem at 1.37 m ht and a and b are species specific constants were used to determine AG woody biomass.  Stem diameters for all trees in all plots were estimated from band dendrometer readings taken from 10 -20% of total number of trees.  See STEM_INCR data in this file for more information.", , "49.8", "78", "20131020", "7", 
"US-UMd", "18606", "GRP_AG_PROD_TREE", "154.9", "wood", "gC m-2", "20071022", "Species specific allometric equations in the form a*D^b where D is diameter of tree stem at 1.37 m ht and a and b are species specific constants were used to determine AG woody biomass.  Stem diameters for all trees in all plots were estimated from band dendrometer readings taken from ~25% of total number of trees.  See STEM_INCR data in this file for more information.", "Band Dendrometers", "50.8", "23", "20081106", "4", 
"US-UMd", "18615", "GRP_AG_PROD_TREE", "148.1", "wood", "gC m-2", "20081106", "Species specific allometric equations in the form a*D^b where D is diameter of tree stem at 1.37 m ht and a and b are species specific constants were used to determine AG woody biomass.  Stem diameters for all trees in all plots were estimated from band dendrometer readings taken from ~25% of total number of trees.  See STEM_INCR data in this file for more information.", "Band Dendrometers", "54.66", "23", "20091106", "4", 
"US-UMd", "18626", "GRP_AG_PROD_TREE", "144.9", "wood", "gC m-2", "20121108", "Species specific allometric equations in the form a*D^b where D is diameter of tree stem at 1.37 m ht and a and b are species specific constants were used to determine AG woody biomass.  Stem diameters for all trees in all plots were estimated from band dendrometer readings taken from ~25% of total number of trees.  See STEM_INCR data in this file for more information.", "Band Dendrometers", "61.29", "23", "20131001", "4", 
"US-UMd", "18648", "GRP_AG_PROD_TREE", "712", "wood", "gC m-2", "20060714", "Species specific allometric equations in the form a*D^b where D is diameter of tree stem at 1.37 m ht and a and b are species specific constants were used to determine AG woody biomass. Stem diameters were determined from manual measurments of trees in 22 - 0.08 ha  plots and a single 1.13 ha plot", "Manual census", "279.3", "23", "20100714", "28", 
"US-UMd", "18659", "GRP_AG_PROD_TREE", "155.9", "wood", "gC m-2", "20070430", "Species specific allometric equations in the form a*D^b where D is diameter of tree stem at 1.37 m ht and a and b are species specific constants were used to determine AG woody biomass.  Stem diameters for all trees in all plots were estimated from band dendrometer readings taken from ~25% of total number of trees.  See STEM_INCR data in this file for more information.", "Band Dendrometers", "50.5", "23", "20071022", "4", 
"US-UMd", "18665", "GRP_AG_PROD_TREE", "113.9", "wood", "gC m-2", "20091106", "Species specific allometric equations in the form a*D^b where D is diameter of tree stem at 1.37 m ht and a and b are species specific constants were used to determine AG woody biomass.  Stem diameters for all trees in all plots were estimated from band dendrometer readings taken from ~25% of total number of trees.  See STEM_INCR data in this file for more information.", "Band Dendrometers", "53.37", "23", "20101116", "4", 
"US-UMd", "18673", "GRP_AG_PROD_TREE", "137", "wood", "gC m-2", "20101116", "Species specific allometric equations in the form a*D^b where D is diameter of tree stem at 1.37 m ht and a and b are species specific constants were used to determine AG woody biomass.  Stem diameters for all trees in all plots were estimated from band dendrometer readings taken from ~25% of total number of trees.  See STEM_INCR data in this file for more information.", "Band Dendrometers", "63.55", "23", "20111103", "4", 
"US-UMd", "18681", "GRP_AG_PROD_TREE", "155.4", "wood", "gC m-2", "20111103", "Species specific allometric equations in the form a*D^b where D is diameter of tree stem at 1.37 m ht and a and b are species specific constants were used to determine AG woody biomass.  Stem diameters for all trees in all plots were estimated from band dendrometer readings taken from ~25% of total number of trees.  See STEM_INCR data in this file for more information.", "Band Dendrometers", "76.36", "23", "20121108", "4", 
"US-WCr", "26743", "GRP_AG_PROD_TREE", "156.29", "Wood", "gC m-2", , "Cook et al 2004", , , , , , 
"US-WCr", "26891", "GRP_AG_PROD_TREE", "142.77", "Foliage", "gC m-2", , "Cook et al 2004", , , , , , 
"US-WCr", "26892", "GRP_AG_PROD_TREE", "162", "Wood", "gC m-2", , "Change in biomass, boles & branches, Cook et al 2004, Table 1", , , , , , 
"US-WCr", "28554", "GRP_AG_PROD_TREE", "264.5", "Total", "gC m-2", , "from Cheas website, aboveground growth increment", , , , , , 
