"SITE_ID", "GROUP_ID", "VARIABLE_GROUP", "LMA", "LMA_SPP", "LMA_DATE", "LMA_COMMENT", "LMA_SPATIAL_VARIABILITY", 
"CA-Ca1", "25448", "GRP_LMA", "104", "PSME (NRCS plant code)", "2004", "estimates from LA (cm2) and dry weight measurements (g) using CNFI NPP data on CCP DIS", , 
"CA-Ca2", "28492", "GRP_LMA", "100", "PSME (NRCS plant code)", "2004", "estimates from LA (cm2) and dry weight measurements (g)", , 
"CA-Ca3", "26984", "GRP_LMA", "104", "PSME (NRCS plant code)", "2004", "estimates from LA (cm2) and dry weight measurements (g) using CNFI NPP data on CCP DIS", , 
"CA-Gro", "25233", "GRP_LMA", "88.53", "THOC2 (NRCS plant code)", "20040910", "multiple leaves colloected from each tree. Measured followed Fluxnet-Canada protocol", , 
"CA-Gro", "25378", "GRP_LMA", "57.42", "ABBA (NRCS plant code)", "20050728", "multiple leaves colloected from each tree. Measured followed Fluxnet-Canada protocol", , 
"CA-Gro", "25495", "GRP_LMA", "30.58", "BEPAM (NRCS plant code)", "20040812", "multiple leaves colloected from each tree. Measured followed Fluxnet-Canada protocol", , 
"CA-Gro", "25756", "GRP_LMA", "97.92", "PIMA (NRCS plant code)", "20040910", "multiple leaves colloected from each tree. Measured followed Fluxnet-Canada protocol", , 
"CA-Gro", "25757", "GRP_LMA", "62.42", "PIGL (NRCS plant code)", "20050728", "multiple leaves colloected from each tree. Measured followed Fluxnet-Canada protocol", , 
"CA-Gro", "25870", "GRP_LMA", "96.41", "PIGL (NRCS plant code)", "20040910", "multiple leaves colloected from each tree. Measured followed Fluxnet-Canada protocol", , 
"CA-Gro", "25871", "GRP_LMA", "43.52", "POBA2 (NRCS plant code)", "20040812", "multiple leaves colloected from each tree. Measured followed Fluxnet-Canada protocol", , 
"CA-Gro", "25984", "GRP_LMA", "60.47", "PIMA (NRCS plant code)", "20050728", "multiple leaves colloected from each tree. Measured followed Fluxnet-Canada protocol", , 
"CA-Gro", "26152", "GRP_LMA", "73.37", "ABBA (NRCS plant code)", "20040910", "multiple leaves colloected from each tree. Measured followed Fluxnet-Canada protocol", , 
"CA-Gro", "26254", "GRP_LMA", "36.22", "POTR5 (NRCS plant code)", "20050728", "multiple leaves colloected from each tree. Measured followed Fluxnet-Canada protocol", , 
"CA-Gro", "26388", "GRP_LMA", "37.03", "POTR5 (NRCS plant code)", "20040812", "multiple leaves colloected from each tree. Measured followed Fluxnet-Canada protocol", , 
"CA-Gro", "26642", "GRP_LMA", "30.05", "BEPAM (NRCS plant code)", "20050728", "multiple leaves colloected from each tree. Measured followed Fluxnet-Canada protocol", , 
"CA-Mer", "24537", "GRP_LMA", "192", "(All)", , "Moore, T.R.et al 2002. Journal of Ecology. 90, 25-36.", , 
"CA-NS1", "23769", "GRP_LMA", "941.957", "(All)", , "Andrew McMillan:
SLA=4.98 m2/kg (Bond-Lamberty et al 2002
Convert to 200.8 g/m2", , 
"CA-NS2", "24019", "GRP_LMA", "1293.53", "(All)", , , , 
"CA-NS3", "23637", "GRP_LMA", "923", "(All)", , , , 
"CA-NS5", "23638", "GRP_LMA", "1204.85", "(All)", , "Andrew McMillan:
Andrew McMillan:
Based on Jack pine SLA of 30% new leaves at 5.64 m2/kg and 70% old leaves at 4.21 m2/kg", , 
"CA-NS6", "23639", "GRP_LMA", "198", "(All)", , , , 
"CA-NS7", "23640", "GRP_LMA", "97.1429", "(All)", , "kgC/m2/y", , 
"CA-Oas", "27106", "GRP_LMA", "18.4", "COCO6 (NRCS plant code)", "1994", "C accounts for 50% of biomass", "5.3", 
"CA-Oas", "27650", "GRP_LMA", "38.8", "POTR5 (NRCS plant code)", "1994", "C accounts for 50% of biomass", "10", 
"CA-Obs", "25597", "GRP_LMA", "72.1", "PIMA (NRCS plant code)", "19940913", "Middleton et al. 1997(J Geophy Res 102, 28831-28844). Assumed that C account for 50% of biomass", , 
"CA-Obs", "26466", "GRP_LMA", "115.4", "PIMA (NRCS plant code)", "19940601", "Middleton et al. 1997(J Geophy Res 102, 28831-28844). Assumed that C account for 50% of biomass", , 
"CA-Obs", "26467", "GRP_LMA", "83.6", "PIMA (NRCS plant code)", "19940728", "Middleton et al. 1997(J Geophy Res 102, 28831-28844). Assumed that C account for 50% of biomass", , 
"CA-Ojp", "28380", "GRP_LMA", "148", "PIBA2 (NRCS plant code)", "19940531", "assumed that C account for 50% of biomass, data offered by BOREAS (Middleton et al. 1997,J Geophy Res 102, 28831-28844)", "20", 
"CA-Ojp", "28647", "GRP_LMA", "86.9", "PIBA2 (NRCS plant code)", "19940725", "assumed that C account for 50% of biomass, data offered by BOREAS (Middleton et al. 1997,J Geophy Res 102, 28831-28844)", "18.1", 
"CA-Ojp", "28648", "GRP_LMA", "78.55", "PIBA2 (NRCS plant code)", "19940906", "assumed that C account for 50% of biomass, data offered by BOREAS (Middleton et al. 1997,J Geophy Res 102, 28831-28844)", "11.5", 
"CA-SJ3", "26704", "GRP_LMA", "78.4", "PIBA2 (NRCS plant code)", "19940722", "assumed that C account for 50% of mass, data offered by BOREAS (Middleton et al. 1997)", , 
"CA-SJ3", "26845", "GRP_LMA", "115.1", "PIBA2 (NRCS plant code)", "19940526", "assumed that C account for 50% of mass, data offered by BOREAS (Middleton et al. 1997)", , 
"CA-SJ3", "28276", "GRP_LMA", "85", "PIBA2 (NRCS plant code)", "19940907", "assumed that C account for 50% of mass, data offered by BOREAS (Middleton et al. 1997)", , 
"CA-TP1", "25050", "GRP_LMA", "20.08", "(All)", , , , 
"CA-TP2", "23902", "GRP_LMA", "87.27", "(All)", , , , 
"CA-TP3", "24277", "GRP_LMA", "46.01", "(All)", , , , 
"CA-TP4", "25051", "GRP_LMA", "28.55", "(All)", , , , 
"CA-WP1", "24278", "GRP_LMA", "111.524", "(All)", , "Syed_et_al_AgricForestMeteorol_2006 (140): 97-114
page  106 Table3
Specific leaf area m2 kg-1 4.3 ( P.mariana) 
14.5 (L.laricina), 11.5  (B.pumila)
page 103 ..two-third of this aboveground biomass was in the wso tree species....P.mariana had about twice the biomass of L.laricina, â€¦", , 
"US-Bar", "26755", "GRP_LMA", "65.61", "POGR4 (NRCS plant code)", "20040728", , , 
"US-Bar", "26902", "GRP_LMA", "173.67", "PIST (NRCS plant code)", "20040728", , , 
"US-Bar", "27350", "GRP_LMA", "66.33", "BEAL2 (NRCS plant code)", "20040728", , , 
"US-Bar", "27595", "GRP_LMA", "304.67", "PIRU (NRCS plant code)", "20040728", , , 
"US-Bar", "27967", "GRP_LMA", "62.58", "ACRU (NRCS plant code)", "20040728", , , 
"US-Bar", "28317", "GRP_LMA", "74.4", "BEPA (NRCS plant code)", "20040728", , , 
"US-Bar", "28318", "GRP_LMA", "61.32", "FRAM2 (NRCS plant code)", "20040728", , , 
"US-Bar", "28578", "GRP_LMA", "43.97", "ACPE (NRCS plant code)", "20040728", , , 
"US-Bar", "28579", "GRP_LMA", "66.33", "ACSA3 (NRCS plant code)", "20040728", , , 
"US-Bar", "29514", "GRP_LMA", "61.0799999999999", "FAGR (NRCS plant code)", "20040728", , , 
"US-Blo", "23934", "GRP_LMA", "117", "(All)", , "
average for Pinus; 111 for 2 years old needle, 123 for 1 year old needle, 

262 for Arctostaphylos, 104 for ceanothus", , 
"US-Dk1", "26905", "GRP_LMA", "79.78", "(All)", , "SLA is a composite of all species present in the sample, giving rise to its variability.  Area measured on light table (Decagon) and wieghts measured on microbalance.  Mass measurements converted to mass C by assuming 50% carbon content", , 
"US-Dk1", "27056", "GRP_LMA", "76.82", "(All)", , "SLA is a composite of all species present in the sample, giving rise to its variability.  Area measured on light table (Decagon) and wieghts measured on microbalance.  Mass measurements converted to mass C by assuming 50% carbon content", , 
"US-Dk1", "27598", "GRP_LMA", "59.88", "(All)", , "SLA is a composite of all species present in the sample, giving rise to its variability.  Area measured on light table (Decagon) and wieghts measured on microbalance.  Mass measurements converted to mass C by assuming 50% carbon content", , 
"US-Dk1", "27971", "GRP_LMA", "62.47", "(All)", , "SLA is a composite of all species present in the sample, giving rise to its variability.  Area measured on light table (Decagon) and wieghts measured on microbalance.  Mass measurements converted to mass C by assuming 50% carbon content", , 
"US-Dk1", "28582", "GRP_LMA", "26.38", "(All)", , "SLA is a composite of all species present in the sample, giving rise to its variability.  Area measured on light table (Decagon) and wieghts measured on microbalance.  Mass measurements converted to mass C by assuming 50% carbon content", , 
"US-Dk1", "29049", "GRP_LMA", "82.63", "(All)", , "SLA is a composite of all species present in the sample, giving rise to its variability.  Area measured on light table (Decagon) and wieghts measured on microbalance.  Mass measurements converted to mass C by assuming 50% carbon content", , 
"US-Dk1", "29050", "GRP_LMA", "63.38", "(All)", , "SLA is a composite of all species present in the sample, giving rise to its variability.  Area measured on light table (Decagon) and wieghts measured on microbalance.  Mass measurements converted to mass C by assuming 50% carbon content", , 
"US-Dk1", "29051", "GRP_LMA", "73.08", "(All)", , "SLA is a composite of all species present in the sample, giving rise to its variability.  Area measured on light table (Decagon) and wieghts measured on microbalance.  Mass measurements converted to mass C by assuming 50% carbon content", , 
"US-Dk1", "29518", "GRP_LMA", "100.85", "(All)", , "SLA is a composite of all species present in the sample, giving rise to its variability.  Area measured on light table (Decagon) and wieghts measured on microbalance.  Mass measurements converted to mass C by assuming 50% carbon content", , 
"US-Dk1", "29519", "GRP_LMA", "48.36", "(All)", , "SLA is a composite of all species present in the sample, giving rise to its variability.  Area measured on light table (Decagon) and wieghts measured on microbalance.  Mass measurements converted to mass C by assuming 50% carbon content", , 
"US-Dk2", "24004", "GRP_LMA", "62", "LITU (NRCS plant code)", "2006", "Oishi, A.C., Oren, R. and Stoy, P., 2008. Estimating components of forest evapotranspiration: A footprint approach for scaling sap flux measurements Agricultural and Forest Meteorology, In Revision, In Revision.", , 
"US-Dk2", "24119", "GRP_LMA", "62", "QUPH (NRCS plant code)", "2006", "Oishi, A.C., Oren, R. and Stoy, P., 2008. Estimating components of forest evapotranspiration: A footprint approach for scaling sap flux measurements Agricultural and Forest Meteorology, In Revision, In Revision.", , 
"US-Dk2", "25031", "GRP_LMA", "76", "CAAL27 (NRCS plant code)", "2006", "Oishi, A.C., Oren, R. and Stoy, P., 2008. Estimating components of forest evapotranspiration: A footprint approach for scaling sap flux measurements Agricultural and Forest Meteorology, In Revision, In Revision.", , 
"US-Dk2", "25160", "GRP_LMA", "73", "(All)", "2006", "Oishi, A.C., Oren, R. and Stoy, P., 2008. Estimating components of forest evapotranspiration: A footprint approach for scaling sap flux measurements Agricultural and Forest Meteorology, In Revision, In Revision.", , 
"US-Dk2", "25550", "GRP_LMA", "89", "QUAL (NRCS plant code)", "2006", "Oishi, A.C., Oren, R. and Stoy, P., 2008. Estimating components of forest evapotranspiration: A footprint approach for scaling sap flux measurements Agricultural and Forest Meteorology, In Revision, In Revision.", , 
"US-Dk2", "26051", "GRP_LMA", "98", "LIST2 (NRCS plant code)", "2006", "Oishi, A.C., Oren, R. and Stoy, P., 2008. Estimating components of forest evapotranspiration: A footprint approach for scaling sap flux measurements Agricultural and Forest Meteorology, In Revision, In Revision.", , 
"US-Dk2", "26052", "GRP_LMA", "78", "QUMI (NRCS plant code)", "2006", "Oishi, A.C., Oren, R. and Stoy, P., 2008. Estimating components of forest evapotranspiration: A footprint approach for scaling sap flux measurements Agricultural and Forest Meteorology, In Revision, In Revision.", , 
"US-Dk3", "27254", "GRP_LMA", "143.1", "(All)", "2004", "Data from http://face.env.duke.edu/face.cfm", , 
"US-Dk3", "27890", "GRP_LMA", "140.2", "(All)", "2005", "Data from http://face.env.duke.edu/face.cfm", , 
"US-Dk3", "28254", "GRP_LMA", "135.4", "(All)", "2001", "Data from http://face.env.duke.edu/face.cfm", , 
"US-Dk3", "28255", "GRP_LMA", "170.7", "(All)", "2003", "Data from http://face.env.duke.edu/face.cfm", , 
"US-Dk3", "29088", "GRP_LMA", "131.9", "(All)", "2002", "Data from http://face.env.duke.edu/face.cfm", , 
"US-Fmf", "26784", "GRP_LMA", "325", "(All)", , , , 
"US-FR2", "23770", "GRP_LMA", "168", "(All)", , "(range 156-180) Ashe juniper (300) , Honey mesquite (156), King Ranch Bluestem (68); Tamara has a totally different value for KR (180???)", , 
"US-Fuf", "26786", "GRP_LMA", "325", "(All)", , , , 
"US-Fwf", "23903", "GRP_LMA", "79", "(All)", , , , 
"US-Ha1", "24198", "GRP_LMA", "10.4", "ACRU (NRCS plant code)", "19940722", "Source: Bassow and Bazzaz, 1997, Intra- and inter-specific variation in canopy photosynthesis in a mixed deciduous forest, Oecologia 109: 507.", , 
"US-Ha1", "24199", "GRP_LMA", "11", "QURU (NRCS plant code)", "19940722", "Source: Bassow and Bazzaz, 1997, Intra- and inter-specific variation in canopy photosynthesis in a mixed deciduous forest, Oecologia 109: 507.", , 
"US-Ha1", "24967", "GRP_LMA", "5.9", "ACPE (NRCS plant code)", "19940722", "Source: Bassow and Bazzaz, 1997, Intra- and inter-specific variation in canopy photosynthesis in a mixed deciduous forest, Oecologia 109: 507.", , 
"US-Ha2", "23771", "GRP_LMA", "131", "(All)", , "Based on projected leaf area; average over 3 canopy layers and 3 foliage age classes
", , 
"US-Ho1", "24860", "GRP_LMA", "226", "(All)", "19990729", , , 
"US-Ho2", "24983", "GRP_LMA", "226", "(All)", "19990729", "same as Main (US-Ho1)", , 
"US-Ho3", "24223", "GRP_LMA", "226", "(All)", "19990729", "same as Main (US-Ho1)", , 
"US-KS2", "24409", "GRP_LMA", "174", "(All)", , "average of green leaves sampled June, September, and November source: Hymus et al. 2002 Global Change Biology 8:931-940
", , 
"US-Los", "25052", "GRP_LMA", "156", "(All)", , , , 
"US-LPH", "24797", "GRP_LMA", "73", "(All)", , , , 
"US-Me2", "24044", "GRP_LMA", "127", "PIPO (NRCS plant code)", "2001", , , 
"US-Me3", "24538", "GRP_LMA", "300", "(All)", , , , 
"US-Me4", "23814", "GRP_LMA", "114", "PIPO (NRCS plant code)", "2001", , , 
"US-Me4", "24699", "GRP_LMA", "120", "PIPO (NRCS plant code)", "2001", , , 
"US-Me5", "24043", "GRP_LMA", "117", "PIPO (NRCS plant code)", "2001", , , 
"US-MMS", "24151", "GRP_LMA", "42.5", "(All)", , "ddragoni:
dry weight

103,7 wet weight", , 
"US-MOz", "23703", "GRP_LMA", "86.13", "QUAL (NRCS plant code)", "20060613", "(Quercus alba)  Comment: 2007 data reflect effects of severe freeze and consequent shoot and leaf injury/death on LMA and %N", , 
"US-MOz", "23964", "GRP_LMA", "122.6", "JUVI (NRCS plant code)", "20060613", "(Juniperus virginiana)", , 
"US-MOz", "23965", "GRP_LMA", "64.87", "CAOV2 (NRCS plant code)", "20060613", "(Carya ovata)", , 
"US-MOz", "24224", "GRP_LMA", "74.22", "ACSAF (NRCS plant code)", "20070616", "(Acer saccharum)  2007 data reflect effects of severe freeze and consequent shoot and leaf injury/death on LMA and %N", , 
"US-MOz", "24225", "GRP_LMA", "96.78", "JUVI (NRCS plant code)", "20070616", "(Juniperus virginiana)  2007 data reflect effects of severe freeze and consequent shoot and leaf injury/death on LMA and %N", , 
"US-MOz", "24334", "GRP_LMA", "99.48", "QUVE (NRCS plant code)", "20060613", "(Quercus velutina)", , 
"US-MOz", "24724", "GRP_LMA", "65.11", "ACSAF (NRCS plant code)", "20060613", "(Acer saccharum)", , 
"US-MOz", "24984", "GRP_LMA", "77.15", "QUVE (NRCS plant code)", "20070616", "(Quercus velutina)  2007 data reflect effects of severe freeze and consequent shoot and leaf injury/death on LMA and %N", , 
"US-MOz", "24985", "GRP_LMA", "93", "CAOV2 (NRCS plant code)", "20070616", "(Carya ovata)  2007 data reflect effects of severe freeze and consequent shoot and leaf injury/death on LMA and %N", , 
"US-MOz", "25120", "GRP_LMA", "80.61", "QUAL (NRCS plant code)", "20070616", "(Quercus alba)  2007 data reflect effects of severe freeze and consequent shoot and leaf injury/death on LMA and %N", , 
"US-Ne1", "27152", "GRP_LMA", "18.5988", "ZEMAH (NRCS plant code)", "20060616", , , 
"US-Ne1", "27153", "GRP_LMA", "41.0915", "ZEMAH (NRCS plant code)", "20060912", , , 
"US-Ne1", "27156", "GRP_LMA", "20.9", "ZEMAH (NRCS plant code)", "20010719", , , 
"US-Ne1", "27157", "GRP_LMA", "22.08", "ZEMAH (NRCS plant code)", "20020708", , , 
"US-Ne1", "27158", "GRP_LMA", "22.67", "ZEMAH (NRCS plant code)", "20040713", , , 
"US-Ne1", "27159", "GRP_LMA", "24.89", "ZEMAH (NRCS plant code)", "20050801", , , 
"US-Ne1", "27458", "GRP_LMA", "36.5969", "ZEMAH (NRCS plant code)", "20070924", , , 
"US-Ne1", "27461", "GRP_LMA", "25.24", "ZEMAH (NRCS plant code)", "20010815", , , 
"US-Ne1", "27708", "GRP_LMA", "26.11", "ZEMAH (NRCS plant code)", "20030808", , , 
"US-Ne1", "27709", "GRP_LMA", "26.27", "ZEMAH (NRCS plant code)", "20040726", , , 
"US-Ne1", "27710", "GRP_LMA", "26.43", "ZEMAH (NRCS plant code)", "20040817", , , 
"US-Ne1", "27711", "GRP_LMA", "19.34", "ZEMAH (NRCS plant code)", "20050627", , , 
"US-Ne1", "27792", "GRP_LMA", "26.6334", "ZEMAH (NRCS plant code)", "20060712", , , 
"US-Ne1", "27794", "GRP_LMA", "25.84", "ZEMAH (NRCS plant code)", "20030606", , , 
"US-Ne1", "27795", "GRP_LMA", "29.02", "ZEMAH (NRCS plant code)", "20040907", , , 
"US-Ne1", "27796", "GRP_LMA", "18.32", "ZEMAH (NRCS plant code)", "20050617", , , 
"US-Ne1", "28062", "GRP_LMA", "18.73", "ZEMAH (NRCS plant code)", "20020603", , , 
"US-Ne1", "28063", "GRP_LMA", "18.44", "ZEMAH (NRCS plant code)", "20040603", , , 
"US-Ne1", "28064", "GRP_LMA", "20.98", "ZEMAH (NRCS plant code)", "20040701", , , 
"US-Ne1", "28065", "GRP_LMA", "24.97", "ZEMAH (NRCS plant code)", "20050809", , , 
"US-Ne1", "28066", "GRP_LMA", "31.09", "ZEMAH (NRCS plant code)", "20050913", , , 
"US-Ne1", "28401", "GRP_LMA", "14.65", "ZEMAH (NRCS plant code)", "20060601", , , 
"US-Ne1", "28403", "GRP_LMA", "14.1359", "ZEMAH (NRCS plant code)", "20070529", , , 
"US-Ne1", "28404", "GRP_LMA", "18.6309", "ZEMAH (NRCS plant code)", "20070709", , , 
"US-Ne1", "28405", "GRP_LMA", "26.0424", "ZEMAH (NRCS plant code)", "20070724", , , 
"US-Ne1", "28406", "GRP_LMA", "25.6282", "ZEMAH (NRCS plant code)", "20070816", , , 
"US-Ne1", "28410", "GRP_LMA", "20.8", "ZEMAH (NRCS plant code)", "20010705", , , 
"US-Ne1", "28411", "GRP_LMA", "27.19", "ZEMAH (NRCS plant code)", "20020729", , , 
"US-Ne1", "28412", "GRP_LMA", "27.17", "ZEMAH (NRCS plant code)", "20030826", , , 
"US-Ne1", "28686", "GRP_LMA", "28.9373", "ZEMAH (NRCS plant code)", "20070905", , , 
"US-Ne1", "28687", "GRP_LMA", "15.81", "ZEMAH (NRCS plant code)", "20020529", , , 
"US-Ne1", "28688", "GRP_LMA", "18.3", "ZEMAH (NRCS plant code)", "20020618", , , 
"US-Ne1", "28689", "GRP_LMA", "32.68", "ZEMAH (NRCS plant code)", "20030926", , , 
"US-Ne1", "28690", "GRP_LMA", "18.4", "ZEMAH (NRCS plant code)", "20040615", , , 
"US-Ne1", "28691", "GRP_LMA", "25.9", "ZEMAH (NRCS plant code)", "20050919", , , 
"US-Ne1", "28745", "GRP_LMA", "23.5575", "ZEMAH (NRCS plant code)", "20060706", , , 
"US-Ne1", "28746", "GRP_LMA", "26.8221", "ZEMAH (NRCS plant code)", "20060728", , , 
"US-Ne1", "28750", "GRP_LMA", "19.8744", "ZEMAH (NRCS plant code)", "20070606", , , 
"US-Ne1", "28751", "GRP_LMA", "21.1204", "ZEMAH (NRCS plant code)", "20070619", , , 
"US-Ne1", "28754", "GRP_LMA", "14.62", "ZEMAH (NRCS plant code)", "20010529", , , 
"US-Ne1", "28755", "GRP_LMA", "20.96", "ZEMAH (NRCS plant code)", "20010629", , , 
"US-Ne1", "28756", "GRP_LMA", "34.51", "ZEMAH (NRCS plant code)", "20020912", , , 
"US-Ne1", "28757", "GRP_LMA", "13.19", "ZEMAH (NRCS plant code)", "20050531", , , 
"US-Ne1", "28901", "GRP_LMA", "25.2002", "ZEMAH (NRCS plant code)", "20060720", , , 
"US-Ne1", "28904", "GRP_LMA", "19.6636", "ZEMAH (NRCS plant code)", "20070613", , , 
"US-Ne1", "28905", "GRP_LMA", "22.291", "ZEMAH (NRCS plant code)", "20070626", , , 
"US-Ne1", "28907", "GRP_LMA", "14.91", "ZEMAH (NRCS plant code)", "20010613", , , 
"US-Ne1", "28908", "GRP_LMA", "19.6", "ZEMAH (NRCS plant code)", "20010621", , , 
"US-Ne1", "28909", "GRP_LMA", "28.41", "ZEMAH (NRCS plant code)", "20020812", , , 
"US-Ne1", "28910", "GRP_LMA", "17.65", "ZEMAH (NRCS plant code)", "20030625", , , 
"US-Ne1", "28911", "GRP_LMA", "20.19", "ZEMAH (NRCS plant code)", "20030708", , , 
"US-Ne1", "28912", "GRP_LMA", "38.83", "ZEMAH (NRCS plant code)", "20040929", , , 
"US-Ne1", "29278", "GRP_LMA", "28.8982", "ZEMAH (NRCS plant code)", "20060814", , , 
"US-Ne1", "29283", "GRP_LMA", "25.44", "ZEMAH (NRCS plant code)", "20030728", , , 
"US-Ne1", "29284", "GRP_LMA", "25.73", "ZEMAH (NRCS plant code)", "20040805", , , 
"US-Ne1", "29285", "GRP_LMA", "21.17", "ZEMAH (NRCS plant code)", "20050707", , , 
"US-Ne1", "29386", "GRP_LMA", "17.2464", "ZEMAH (NRCS plant code)", "20060608", , , 
"US-Ne1", "29387", "GRP_LMA", "21.2338", "ZEMAH (NRCS plant code)", "20060626", , , 
"US-Ne1", "29388", "GRP_LMA", "28.1258", "ZEMAH (NRCS plant code)", "20060804", , , 
"US-Ne1", "29389", "GRP_LMA", "28.6542", "ZEMAH (NRCS plant code)", "20060824", , , 
"US-Ne1", "29392", "GRP_LMA", "23.8953", "ZEMAH (NRCS plant code)", "20070716", , , 
"US-Ne1", "29393", "GRP_LMA", "28.3167", "ZEMAH (NRCS plant code)", "20070803", , , 
"US-Ne1", "29397", "GRP_LMA", "22.23", "ZEMAH (NRCS plant code)", "20010713", , , 
"US-Ne1", "29398", "GRP_LMA", "25.36", "ZEMAH (NRCS plant code)", "20010809", , , 
"US-Ne1", "29593", "GRP_LMA", "23.28", "ZEMAH (NRCS plant code)", "20020701", , , 
"US-Ne1", "29594", "GRP_LMA", "24.41", "ZEMAH (NRCS plant code)", "20020715", , , 
"US-Ne1", "29595", "GRP_LMA", "24.07", "ZEMAH (NRCS plant code)", "20030718", , , 
"US-Ne1", "29596", "GRP_LMA", "24.2", "ZEMAH (NRCS plant code)", "20050720", , , 
"US-Ne2", "27154", "GRP_LMA", "17.3243", "GLYMA4 (NRCS plant code)", "20060724", , , 
"US-Ne2", "27160", "GRP_LMA", "20.26", "ZEMAH (NRCS plant code)", "20010629", , , 
"US-Ne2", "27161", "GRP_LMA", "16.11", "GLYMA4 (NRCS plant code)", "20020724", , , 
"US-Ne2", "27162", "GRP_LMA", "16.87", "GLYMA4 (NRCS plant code)", "20040813", , , 
"US-Ne2", "27163", "GRP_LMA", "16.87", "GLYMA4 (NRCS plant code)", "20040916", , , 
"US-Ne2", "27164", "GRP_LMA", "25.95", "ZEMAH (NRCS plant code)", "20050815", , , 
"US-Ne2", "27455", "GRP_LMA", "19.014", "GLYMA4 (NRCS plant code)", "20060627", , , 
"US-Ne2", "27459", "GRP_LMA", "19.115", "ZEMAH (NRCS plant code)", "20070614", , , 
"US-Ne2", "27462", "GRP_LMA", "20.48", "ZEMAH (NRCS plant code)", "20010529", , , 
"US-Ne2", "27463", "GRP_LMA", "19.86", "ZEMAH (NRCS plant code)", "20030606", , , 
"US-Ne2", "27464", "GRP_LMA", "13.72", "ZEMAH (NRCS plant code)", "20050531", , , 
"US-Ne2", "27465", "GRP_LMA", "20.3", "ZEMAH (NRCS plant code)", "20050623", , , 
"US-Ne2", "27466", "GRP_LMA", "23.17", "ZEMAH (NRCS plant code)", "20050706", , , 
"US-Ne2", "27703", "GRP_LMA", "17.7273", "GLYMA4 (NRCS plant code)", "20060731", , , 
"US-Ne2", "27705", "GRP_LMA", "25.79", "ZEMAH (NRCS plant code)", "20070710", , , 
"US-Ne2", "27706", "GRP_LMA", "28.9248", "ZEMAH (NRCS plant code)", "20070725", , , 
"US-Ne2", "27712", "GRP_LMA", "16.81", "GLYMA4 (NRCS plant code)", "20020806", , , 
"US-Ne2", "27713", "GRP_LMA", "27.5", "ZEMAH (NRCS plant code)", "20030822", , , 
"US-Ne2", "27793", "GRP_LMA", "38.5263", "ZEMAH (NRCS plant code)", "20070927", , , 
"US-Ne2", "27797", "GRP_LMA", "23.22", "ZEMAH (NRCS plant code)", "20010820", , , 
"US-Ne2", "27798", "GRP_LMA", "14.29", "GLYMA4 (NRCS plant code)", "20020710", , , 
"US-Ne2", "28057", "GRP_LMA", "14.4036", "ZEMAH (NRCS plant code)", "20070529", , , 
"US-Ne2", "28058", "GRP_LMA", "20.1564", "ZEMAH (NRCS plant code)", "20070607", , , 
"US-Ne2", "28067", "GRP_LMA", "18.88", "ZEMAH (NRCS plant code)", "20030624", , , 
"US-Ne2", "28068", "GRP_LMA", "24.94", "ZEMAH (NRCS plant code)", "20050713", , , 
"US-Ne2", "28402", "GRP_LMA", "20.1725", "GLYMA4 (NRCS plant code)", "20060612", , , 
"US-Ne2", "28407", "GRP_LMA", "22.6339", "ZEMAH (NRCS plant code)", "20070628", , , 
"US-Ne2", "28413", "GRP_LMA", "21.69", "ZEMAH (NRCS plant code)", "20010713", , , 
"US-Ne2", "28414", "GRP_LMA", "26.51", "ZEMAH (NRCS plant code)", "20030806", , , 
"US-Ne2", "28681", "GRP_LMA", "17.3564", "GLYMA4 (NRCS plant code)", "20060620", , , 
"US-Ne2", "28682", "GRP_LMA", "20.9623", "GLYMA4 (NRCS plant code)", "20060707", , , 
"US-Ne2", "28683", "GRP_LMA", "18.1394", "GLYMA4 (NRCS plant code)", "20060714", , , 
"US-Ne2", "28692", "GRP_LMA", "17.28", "ZEMAH (NRCS plant code)", "20010613", , , 
"US-Ne2", "28693", "GRP_LMA", "18.74", "ZEMAH (NRCS plant code)", "20010621", , , 
"US-Ne2", "28694", "GRP_LMA", "20.73", "ZEMAH (NRCS plant code)", "20030707", , , 
"US-Ne2", "28695", "GRP_LMA", "23.64", "ZEMAH (NRCS plant code)", "20030716", , , 
"US-Ne2", "28696", "GRP_LMA", "17.01", "ZEMAH (NRCS plant code)", "20050613", , , 
"US-Ne2", "28747", "GRP_LMA", "19.4386", "GLYMA4 (NRCS plant code)", "20060828", , , 
"US-Ne2", "28752", "GRP_LMA", "27.2102", "ZEMAH (NRCS plant code)", "20070820", , , 
"US-Ne2", "28753", "GRP_LMA", "31.7216", "ZEMAH (NRCS plant code)", "20070911", , , 
"US-Ne2", "28758", "GRP_LMA", "14.5", "GLYMA4 (NRCS plant code)", "20040720", , , 
"US-Ne2", "28759", "GRP_LMA", "15.61", "GLYMA4 (NRCS plant code)", "20040730", , , 
"US-Ne2", "28760", "GRP_LMA", "33.69", "ZEMAH (NRCS plant code)", "20050919", , , 
"US-Ne2", "28902", "GRP_LMA", "15.1153", "GLYMA4 (NRCS plant code)", "20060920", , , 
"US-Ne2", "28906", "GRP_LMA", "26.7094", "ZEMAH (NRCS plant code)", "20070807", , , 
"US-Ne2", "28913", "GRP_LMA", "26.89", "ZEMAH (NRCS plant code)", "20010809", , , 
"US-Ne2", "28914", "GRP_LMA", "21.31", "GLYMA4 (NRCS plant code)", "20020611", , , 
"US-Ne2", "28915", "GRP_LMA", "17.95", "GLYMA4 (NRCS plant code)", "20020625", , , 
"US-Ne2", "28916", "GRP_LMA", "19.37", "GLYMA4 (NRCS plant code)", "20040624", , , 
"US-Ne2", "28917", "GRP_LMA", "16.9", "GLYMA4 (NRCS plant code)", "20040708", , , 
"US-Ne2", "29279", "GRP_LMA", "17.319", "GLYMA4 (NRCS plant code)", "20060809", , , 
"US-Ne2", "29281", "GRP_LMA", "29.5279", "ZEMAH (NRCS plant code)", "20070718", , , 
"US-Ne2", "29286", "GRP_LMA", "18.88", "GLYMA4 (NRCS plant code)", "20020910", , , 
"US-Ne2", "29287", "GRP_LMA", "27.39", "ZEMAH (NRCS plant code)", "20030912", , , 
"US-Ne2", "29288", "GRP_LMA", "26.33", "ZEMAH (NRCS plant code)", "20050727", , , 
"US-Ne2", "29390", "GRP_LMA", "18.5924", "GLYMA4 (NRCS plant code)", "20060815", , , 
"US-Ne2", "29394", "GRP_LMA", "23.1785", "ZEMAH (NRCS plant code)", "20070621", , , 
"US-Ne2", "29399", "GRP_LMA", "21.18", "ZEMAH (NRCS plant code)", "20010709", , , 
"US-Ne2", "29400", "GRP_LMA", "23.97", "ZEMAH (NRCS plant code)", "20010720", , , 
"US-Ne2", "29401", "GRP_LMA", "25.14", "ZEMAH (NRCS plant code)", "20030725", , , 
"US-Ne2", "29402", "GRP_LMA", "13.83", "GLYMA4 (NRCS plant code)", "20040930", , , 
"US-Ne2", "29403", "GRP_LMA", "29.11", "ZEMAH (NRCS plant code)", "20050901", , , 
"US-Ne2", "29590", "GRP_LMA", "25.7285", "GLYMA4 (NRCS plant code)", "20060602", , , 
"US-Ne2", "29597", "GRP_LMA", "19.32", "GLYMA4 (NRCS plant code)", "20020919", , , 
"US-Ne2", "29598", "GRP_LMA", "17.47", "GLYMA4 (NRCS plant code)", "20040826", , , 
"US-Ne2", "29599", "GRP_LMA", "26.43", "ZEMAH (NRCS plant code)", "20050804", , , 
"US-Ne3", "27155", "GRP_LMA", "19.3294", "GLYMA4 (NRCS plant code)", "20060717", , , 
"US-Ne3", "27165", "GRP_LMA", "23.81", "ZEMAH (NRCS plant code)", "20010705", , , 
"US-Ne3", "27166", "GRP_LMA", "28.25", "GLYMA4 (NRCS plant code)", "20020918", , , 
"US-Ne3", "27167", "GRP_LMA", "27.23", "ZEMAH (NRCS plant code)", "20030723", , , 
"US-Ne3", "27168", "GRP_LMA", "27.54", "ZEMAH (NRCS plant code)", "20030820", , , 
"US-Ne3", "27456", "GRP_LMA", "17.4277", "GLYMA4 (NRCS plant code)", "20060801", , , 
"US-Ne3", "27457", "GRP_LMA", "18.5106", "GLYMA4 (NRCS plant code)", "20060810", , , 
"US-Ne3", "27460", "GRP_LMA", "25.1939", "ZEMAH (NRCS plant code)", "20070711", , , 
"US-Ne3", "27467", "GRP_LMA", "16.24", "GLYMA4 (NRCS plant code)", "20020625", , , 
"US-Ne3", "27468", "GRP_LMA", "34.75", "ZEMAH (NRCS plant code)", "20050926", , , 
"US-Ne3", "27704", "GRP_LMA", "16.7801", "GLYMA4 (NRCS plant code)", "20060725", , , 
"US-Ne3", "27707", "GRP_LMA", "29.6683", "ZEMAH (NRCS plant code)", "20070828", , , 
"US-Ne3", "27714", "GRP_LMA", "32.52", "ZEMAH (NRCS plant code)", "20010807", , , 
"US-Ne3", "27715", "GRP_LMA", "27.68", "ZEMAH (NRCS plant code)", "20030904", , , 
"US-Ne3", "27716", "GRP_LMA", "28.63", "ZEMAH (NRCS plant code)", "20050817", , , 
"US-Ne3", "27799", "GRP_LMA", "16.67", "ZEMAH (NRCS plant code)", "20010529", , , 
"US-Ne3", "27800", "GRP_LMA", "23.19", "ZEMAH (NRCS plant code)", "20010621", , , 
"US-Ne3", "27801", "GRP_LMA", "19.52", "ZEMAH (NRCS plant code)", "20030619", , , 
"US-Ne3", "27802", "GRP_LMA", "15.96", "ZEMAH (NRCS plant code)", "20050608", , , 
"US-Ne3", "27803", "GRP_LMA", "21.02", "ZEMAH (NRCS plant code)", "20050621", , , 
"US-Ne3", "28059", "GRP_LMA", "27.8593", "ZEMAH (NRCS plant code)", "20070723", , , 
"US-Ne3", "28060", "GRP_LMA", "28.5217", "ZEMAH (NRCS plant code)", "20070801", , , 
"US-Ne3", "28061", "GRP_LMA", "26.8267", "ZEMAH (NRCS plant code)", "20070814", , , 
"US-Ne3", "28069", "GRP_LMA", "29.72", "ZEMAH (NRCS plant code)", "20010814", , , 
"US-Ne3", "28070", "GRP_LMA", "18.93", "GLYMA4 (NRCS plant code)", "20020611", , , 
"US-Ne3", "28071", "GRP_LMA", "16.42", "GLYMA4 (NRCS plant code)", "20020709", , , 
"US-Ne3", "28072", "GRP_LMA", "14.13", "GLYMA4 (NRCS plant code)", "20040716", , , 
"US-Ne3", "28408", "GRP_LMA", "20.3169", "ZEMAH (NRCS plant code)", "20070611", , , 
"US-Ne3", "28409", "GRP_LMA", "22.2231", "ZEMAH (NRCS plant code)", "20070625", , , 
"US-Ne3", "28415", "GRP_LMA", "26.41", "ZEMAH (NRCS plant code)", "20010718", , , 
"US-Ne3", "28416", "GRP_LMA", "14.53", "GLYMA4 (NRCS plant code)", "20040920", , , 
"US-Ne3", "28417", "GRP_LMA", "31.5", "ZEMAH (NRCS plant code)", "20050907", , , 
"US-Ne3", "28684", "GRP_LMA", "19.9774", "GLYMA4 (NRCS plant code)", "20060816", , , 
"US-Ne3", "28685", "GRP_LMA", "20.6709", "GLYMA4 (NRCS plant code)", "20060830", , , 
"US-Ne3", "28697", "GRP_LMA", "21.39", "GLYMA4 (NRCS plant code)", "20040706", , , 
"US-Ne3", "28748", "GRP_LMA", "25.932", "GLYMA4 (NRCS plant code)", "20060602", , , 
"US-Ne3", "28749", "GRP_LMA", "20.8386", "GLYMA4 (NRCS plant code)", "20060613", , , 
"US-Ne3", "28761", "GRP_LMA", "18.53", "ZEMAH (NRCS plant code)", "20010613", , , 
"US-Ne3", "28762", "GRP_LMA", "19.44", "ZEMAH (NRCS plant code)", "20030606", , , 
"US-Ne3", "28763", "GRP_LMA", "25.83", "ZEMAH (NRCS plant code)", "20030714", , , 
"US-Ne3", "28791", "GRP_LMA", "15.01", "GLYMA4 (NRCS plant code)", "20040729", , , 
"US-Ne3", "28792", "GRP_LMA", "16.37", "GLYMA4 (NRCS plant code)", "20040810", , , 
"US-Ne3", "28903", "GRP_LMA", "15.2849", "GLYMA4 (NRCS plant code)", "20060621", , , 
"US-Ne3", "28918", "GRP_LMA", "21.5", "ZEMAH (NRCS plant code)", "20010628", , , 
"US-Ne3", "28919", "GRP_LMA", "22.38", "ZEMAH (NRCS plant code)", "20030703", , , 
"US-Ne3", "28920", "GRP_LMA", "21.21", "ZEMAH (NRCS plant code)", "20050630", , , 
"US-Ne3", "28921", "GRP_LMA", "26.54", "ZEMAH (NRCS plant code)", "20050714", , , 
"US-Ne3", "29280", "GRP_LMA", "18.1257", "GLYMA4 (NRCS plant code)", "20060629", , , 
"US-Ne3", "29282", "GRP_LMA", "40.1062", "ZEMAH (NRCS plant code)", "20070917", , , 
"US-Ne3", "29289", "GRP_LMA", "20.59", "GLYMA4 (NRCS plant code)", "20020809", , , 
"US-Ne3", "29290", "GRP_LMA", "17.53", "GLYMA4 (NRCS plant code)", "20040624", , , 
"US-Ne3", "29291", "GRP_LMA", "18.56", "GLYMA4 (NRCS plant code)", "20040819", , , 
"US-Ne3", "29292", "GRP_LMA", "28.27", "ZEMAH (NRCS plant code)", "20050808", , , 
"US-Ne3", "29391", "GRP_LMA", "18.935", "GLYMA4 (NRCS plant code)", "20060711", , , 
"US-Ne3", "29395", "GRP_LMA", "13.4312", "ZEMAH (NRCS plant code)", "20070530", , , 
"US-Ne3", "29396", "GRP_LMA", "25.6199", "ZEMAH (NRCS plant code)", "20070702", , , 
"US-Ne3", "29404", "GRP_LMA", "25.76", "ZEMAH (NRCS plant code)", "20010711", , , 
"US-Ne3", "29405", "GRP_LMA", "20.22", "GLYMA4 (NRCS plant code)", "20020726", , , 
"US-Ne3", "29591", "GRP_LMA", "15.6501", "GLYMA4 (NRCS plant code)", "20060918", , , 
"US-Ne3", "29592", "GRP_LMA", "21.646", "ZEMAH (NRCS plant code)", "20070618", , , 
"US-Ne3", "29600", "GRP_LMA", "23.47", "GLYMA4 (NRCS plant code)", "20020904", , , 
"US-Ne3", "29601", "GRP_LMA", "29.12", "ZEMAH (NRCS plant code)", "20030804", , , 
"US-Ne3", "29602", "GRP_LMA", "17.92", "GLYMA4 (NRCS plant code)", "20040909", , , 
"US-Ne3", "29603", "GRP_LMA", "12.96", "ZEMAH (NRCS plant code)", "20050524", , , 
"US-Ne3", "29604", "GRP_LMA", "27.24", "ZEMAH (NRCS plant code)", "20050728", , , 
"US-NR1", "23704", "GRP_LMA", "193.7", "ABLA (NRCS plant code)", "20000718", "BLA=subalpine fir; PIEN=Engelmann spruce; PICO=lodgepole pine. Unpublished data from summer 2000. Help for this section was provided by Maggie Prater (maggie.prater@colorado.edu).", , 
"US-NR1", "23966", "GRP_LMA", "205.1", "PICO (NRCS plant code)", "20000718", "BLA=subalpine fir; PIEN=Engelmann spruce; PICO=lodgepole pine. Unpublished data from summer 2000. Help for this section was provided by Maggie Prater (maggie.prater@colorado.edu).", , 
"US-NR1", "24470", "GRP_LMA", "237.7", "PIEN (NRCS plant code)", "20000718", "BLA=subalpine fir; PIEN=Engelmann spruce; PICO=lodgepole pine. Unpublished data from summer 2000. Help for this section was provided by Maggie Prater (maggie.prater@colorado.edu).", , 
"US-SP2", "27097", "GRP_LMA", "50", "(All)", , , , 
"US-SP3", "28592", "GRP_LMA", "50", "(All)", , , , 
"US-Syv", "27316", "GRP_LMA", "54.36", "ACSA3 (NRCS plant code)", , "ACSA3, Maple; http://www.cheas.psu.edu/data/cheas/publish-on-cheas/Sylvania_tower/Site%20Characterization/Leaf%20Characterization/Leaf%20Area/Raw%20Data%20Files/SLA_2002.xls", , 
"US-Syv", "27317", "GRP_LMA", "60.09", "BEAL2 (NRCS plant code)", , "BEAL2,  Birch; http://www.cheas.psu.edu/data/cheas/publish-on-cheas/Sylvania_tower/Site%20Characterization/Leaf%20Characterization/Leaf%20Area/Raw%20Data%20Files/SLA_2002.xls", , 
"US-Syv", "27318", "GRP_LMA", "147", "TSCA (NRCS plant code)", , "TSCA, Hemlock; http://www.cheas.psu.edu/data/cheas/publish-on-cheas/Sylvania_tower/Site%20Characterization/Leaf%20Characterization/Leaf%20Area/Raw%20Data%20Files/SLA_2002.xls", , 
"US-UMB", "23705", "GRP_LMA", "59.07", "PIST (NRCS plant code)", "19980720", , , 
"US-UMB", "23706", "GRP_LMA", "31.1", "POGR4 (NRCS plant code)", "19990624", , , 
"US-UMB", "23834", "GRP_LMA", "36.2", "QURU (NRCS plant code)", "19990624", , , 
"US-UMB", "23967", "GRP_LMA", "40.04", "POGR4 (NRCS plant code)", "19980720", , , 
"US-UMB", "24471", "GRP_LMA", "26.9", "BEPA (NRCS plant code)", "19990624", , , 
"US-UMB", "24725", "GRP_LMA", "33.88", "ACRU (NRCS plant code)", "19980720", , , 
"US-UMB", "24861", "GRP_LMA", "73.8", "PIST (NRCS plant code)", "19990624", , , 
"US-UMB", "25121", "GRP_LMA", "35.1", "QURU (NRCS plant code)", "19980720", , , 
"US-UMB", "25122", "GRP_LMA", "24.1", "ACRU (NRCS plant code)", "19990624", , , 
"US-WCr", "26744", "GRP_LMA", "21.82", "ACSA3 (NRCS plant code)", "1999", "1999-2002; (Sugar Maple); ; Bolstadt et al 2003, Table 2", , 
"US-WCr", "26745", "GRP_LMA", "33.09", "FRPE (NRCS plant code)", "1999", "1999-2002; (Green Ash); Bolstadt et al 2003, Table 2", , 
"US-WCr", "26746", "GRP_LMA", "28.33", "TIAM (NRCS plant code)", "1999", "1999-2002; (American Basswood); Bolstadt et al 2003, Table 2", , 
"US-WCr", "26747", "GRP_LMA", "21.82", "ACSA3 (NRCS plant code)", "2002", "1999-2002; (Sugar Maple); ; Bolstadt et al 2003, Table 2", , 
"US-WCr", "26748", "GRP_LMA", "28.46", "POTR5 (NRCS plant code)", "2002", "1999-2002; (Quaking Aspen); Bolstadt et al 2003, Table 2", , 
"US-WCr", "26894", "GRP_LMA", "28.33", "TIAM (NRCS plant code)", "2002", "1999-2002; (American Basswood); Bolstadt et al 2003, Table 2", , 
"US-WCr", "27037", "GRP_LMA", "27.92", "ULRU (NRCS plant code)", "1999", "1999-2002; (Slippery Elm); Bolstadt et al 2003, Table 2", , 
"US-WCr", "27038", "GRP_LMA", "33.09", "FRPE (NRCS plant code)", "2000", "1999-2002; (Green Ash); Bolstadt et al 2003, Table 2", , 
"US-WCr", "27039", "GRP_LMA", "28.46", "POTR5 (NRCS plant code)", "2001", "1999-2002; (Quaking Aspen); Bolstadt et al 2003, Table 2", , 
"US-WCr", "27040", "GRP_LMA", "27.92", "ULRU (NRCS plant code)", "2001", "1999-2002; (Slippery Elm); Bolstadt et al 2003, Table 2", , 
"US-WCr", "27041", "GRP_LMA", "43.67", "QURU (NRCS plant code)", "2002", "1999-2002; (Northern Red Oak); Bolstadt et al 2003, Table 2", , 
"US-WCr", "27341", "GRP_LMA", "28.33", "TIAM (NRCS plant code)", "2000", "1999-2002; (American Basswood); Bolstadt et al 2003, Table 2", , 
"US-WCr", "27342", "GRP_LMA", "27.92", "ULRU (NRCS plant code)", "2000", "1999-2002; (Slippery Elm); Bolstadt et al 2003, Table 2", , 
"US-WCr", "27343", "GRP_LMA", "21.82", "ACSA3 (NRCS plant code)", "2001", "1999-2002; (Sugar Maple); ; Bolstadt et al 2003, Table 2", , 
"US-WCr", "27589", "GRP_LMA", "33.09", "FRPE (NRCS plant code)", "2001", "1999-2002; (Green Ash); Bolstadt et al 2003, Table 2", , 
"US-WCr", "27960", "GRP_LMA", "43.67", "QURU (NRCS plant code)", "2000", "1999-2002; (Northern Red Oak); Bolstadt et al 2003, Table 2", , 
"US-WCr", "28555", "GRP_LMA", "28.46", "POTR5 (NRCS plant code)", "1999", "1999-2002; (Quaking Aspen); Bolstadt et al 2003, Table 2", , 
"US-WCr", "28556", "GRP_LMA", "43.67", "QURU (NRCS plant code)", "2001", "1999-2002; (Northern Red Oak); Bolstadt et al 2003, Table 2", , 
"US-WCr", "28557", "GRP_LMA", "33.09", "FRPE (NRCS plant code)", "2002", "1999-2002; (Green Ash); Bolstadt et al 2003, Table 2", , 
"US-WCr", "29154", "GRP_LMA", "21.82", "ACSA3 (NRCS plant code)", "2000", "1999-2002; (Sugar Maple); ; Bolstadt et al 2003, Table 2", , 
"US-WCr", "29503", "GRP_LMA", "43.67", "QURU (NRCS plant code)", "1999", "1999-2002; (Northern Red Oak); Bolstadt et al 2003, Table 2", , 
"US-WCr", "29504", "GRP_LMA", "28.46", "POTR5 (NRCS plant code)", "2000", "1999-2002; (Quaking Aspen); Bolstadt et al 2003, Table 2", , 
"US-WCr", "29505", "GRP_LMA", "28.33", "TIAM (NRCS plant code)", "2001", "1999-2002; (American Basswood); Bolstadt et al 2003, Table 2", , 
"US-WCr", "29506", "GRP_LMA", "27.92", "ULRU (NRCS plant code)", "2002", "1999-2002; (Slippery Elm); Bolstadt et al 2003, Table 2", , 
