"SITE_ID", "GROUP_ID", "VARIABLE_GROUP", "AG_BIOMASS_CROP", "AG_BIOMASS_CROP_ORGAN", "AG_BIOMASS_CROP_PHEN", "AG_BIOMASS_CROP_UNIT", "AG_BIOMASS_APPROACH", "AG_BIOMASS_DATE", "AG_BIOMASS_COMMENT", 
"US-ARM", "23719", "GRP_AG_BIOMASS_CROP", "0.51", "Total", "Mixed/unknown", "gC m-2", "total AGB in 10 replicate 1m^2 plots along 400 m transect", "20060530", , 
"US-ARM", "23977", "GRP_AG_BIOMASS_CROP", "0.88", "Total", "Mixed/unknown", "gC m-2", "total AGB in 10 replicate 1m^2 plots along 400 m transect", "20030530", , 
"US-ARM", "25131", "GRP_AG_BIOMASS_CROP", "0.41", "Total", "Mixed/unknown", "gC m-2", "total AGB in 10 replicate 1m^2 plots along 400 m transect", "20020530", , 
"US-Atq", "23970", "GRP_AG_BIOMASS_CROP", "0", "Foliage", "Mixed/unknown", "gC m-2", , , "No trees or crops.", 
"US-Atq", "23979", "GRP_AG_BIOMASS_CROP", "0", "Total", "Mixed/unknown", "gC m-2", , , "No trees or crops.", 
"US-Atq", "24230", "GRP_AG_BIOMASS_CROP", "0", "Fruits", "Mixed/unknown", "gC m-2", , , "No trees or crops.", 
"US-Atq", "24995", "GRP_AG_BIOMASS_CROP", "0", "Total", "Mixed/unknown", "gC m-2", , , "No crops", 
"US-Brw", "23839", "GRP_AG_BIOMASS_CROP", "0", "Fruits", "Mixed/unknown", "gC m-2", , , "No trees or crops.", 
"US-Brw", "23980", "GRP_AG_BIOMASS_CROP", "0", "Total", "Mixed/unknown", "gC m-2", , , "No trees or crops.", 
"US-Brw", "24075", "GRP_AG_BIOMASS_CROP", "0", "Foliage", "Mixed/unknown", "gC m-2", , , "No trees or crops.", 
"US-Brw", "24347", "GRP_AG_BIOMASS_CROP", "0", "Total", "Mixed/unknown", "gC m-2", , , "No crops", 
"US-Dk1", "27969", "GRP_AG_BIOMASS_CROP", "100", "Total", "Mixed/unknown", "gC m-2", , "20010628", "There are no trees and an insignificant number of shrubs in this field. It is mowed annually for hay; biomass was estimated by counting bales and multiplying by measured mass/bale", 
"US-Dk1", "27970", "GRP_AG_BIOMASS_CROP", "100", "Total", "Mixed/unknown", "gC m-2", , "20020602", "There are no trees and an insignificant number of shrubs in this field. It is mowed annually for hay; biomass was estimated by counting bales and multiplying by measured mass/bale", 
"US-Dk1", "28320", "GRP_AG_BIOMASS_CROP", "200", "Total", "Mixed/unknown", "gC m-2", , "20040518", "There are no trees and an insignificant number of shrubs in this field. It is mowed annually for hay; biomass was estimated by counting bales and multiplying by measured mass/bale", 
"US-Dk1", "29516", "GRP_AG_BIOMASS_CROP", "400", "Total", "Mixed/unknown", "gC m-2", , "20030725", "There are no trees and an insignificant number of shrubs in this field. It is mowed annually for hay; biomass was estimated by counting bales and multiplying by measured mass/bale", 
"US-Dk1", "29517", "GRP_AG_BIOMASS_CROP", "100", "Total", "Mixed/unknown", "gC m-2", , "20050901", "There are no trees and an insignificant number of shrubs in this field. It is mowed annually for hay; biomass was estimated by counting bales and multiplying by measured mass/bale", 
"US-Dk2", "24270", "GRP_AG_BIOMASS_CROP", "0", "Fruits", "Mixed/unknown", "gC m-2", , "20021007", "Estimated based on allometric equations for DBH (Clark et al. 2006)", 
"US-Dk2", "25545", "GRP_AG_BIOMASS_CROP", "0", "Total", "Mixed/unknown", "gC m-2", , "20021007", "Estimated based on allometric equations for DBH (Clark et al. 2006)", 
"US-Dk2", "26050", "GRP_AG_BIOMASS_CROP", "0", "Foliage", "Mixed/unknown", "gC m-2", , "20021007", "Estimated based on allometric equations for DBH (Clark et al. 2006)", 
"US-IB1", "23987", "GRP_AG_BIOMASS_CROP", "370.3", "Fruits", "Mixed/unknown", "gC m-2", , "2004", "yield", 
"US-IB1", "24360", "GRP_AG_BIOMASS_CROP", "108", "Fruits", "Mixed/unknown", "gC m-2", , "2005", "yield", 
"US-IB1", "24361", "GRP_AG_BIOMASS_CROP", "155", "Fruits", "Mixed/unknown", "gC m-2", , "2007", "yield", 
"US-IB1", "24891", "GRP_AG_BIOMASS_CROP", "750", "Fruits", "Mixed/unknown", "gC m-2", , "2006", "yield", 
"US-Ne1", "27130", "GRP_AG_BIOMASS_CROP", "487.896", "Foliage", "Mixed/unknown", "gC m-2", , "20060720", "(assuming 43#9% C)", 
"US-Ne1", "27132", "GRP_AG_BIOMASS_CROP", "103.468", "Foliage", "Mixed/unknown", "gC m-2", , "20010629", "(assuming 43#9% C)", 
"US-Ne1", "27133", "GRP_AG_BIOMASS_CROP", "307.429", "Foliage", "Mixed/unknown", "gC m-2", , "20010713", "(assuming 43#9% C)", 
"US-Ne1", "27134", "GRP_AG_BIOMASS_CROP", "461.193", "Foliage", "Mixed/unknown", "gC m-2", , "20040726", "(assuming 43#9% C)", 
"US-Ne1", "27135", "GRP_AG_BIOMASS_CROP", "810.81", "Foliage", "Mixed/unknown", "gC m-2", , "20051003", "(assuming 43#9% C)", 
"US-Ne1", "27147", "GRP_AG_BIOMASS_CROP", "486.828", "Foliage", "Mixed/unknown", "gC m-2", , "20070716", "(assuming 43#9% C)", 
"US-Ne1", "27432", "GRP_AG_BIOMASS_CROP", "394.37", "Foliage", "Mixed/unknown", "gC m-2", , "20010719", "(assuming 43#9% C)", 
"US-Ne1", "27433", "GRP_AG_BIOMASS_CROP", "716.088", "Foliage", "Mixed/unknown", "gC m-2", , "20010809", "(assuming 43#9% C)", 
"US-Ne1", "27434", "GRP_AG_BIOMASS_CROP", "830.339", "Foliage", "Mixed/unknown", "gC m-2", , "20030826", "(assuming 43#9% C)", 
"US-Ne1", "27435", "GRP_AG_BIOMASS_CROP", "975.089", "Foliage", "Mixed/unknown", "gC m-2", , "20030926", "(assuming 43#9% C)", 
"US-Ne1", "27436", "GRP_AG_BIOMASS_CROP", "529.592", "Foliage", "Mixed/unknown", "gC m-2", , "20050801", "(assuming 43#9% C)", 
"US-Ne1", "27437", "GRP_AG_BIOMASS_CROP", "604.729", "Foliage", "Mixed/unknown", "gC m-2", , "20050809", "(assuming 43#9% C)", 
"US-Ne1", "27447", "GRP_AG_BIOMASS_CROP", "205.609", "Foliage", "Mixed/unknown", "gC m-2", , "20070626", "(assuming 43#9% C)", 
"US-Ne1", "27448", "GRP_AG_BIOMASS_CROP", "381.806", "Foliage", "Mixed/unknown", "gC m-2", , "20070709", "(assuming 43#9% C)", 
"US-Ne1", "27668", "GRP_AG_BIOMASS_CROP", "438", "Total", "Mixed/unknown", "gC m-2", , "20031021", , 
"US-Ne1", "27669", "GRP_AG_BIOMASS_CROP", "436", "Total", "Mixed/unknown", "gC m-2", , "20051009", , 
"US-Ne1", "27672", "GRP_AG_BIOMASS_CROP", "378.321", "Foliage", "Mixed/unknown", "gC m-2", , "20060712", "(assuming 43#9% C)", 
"US-Ne1", "27673", "GRP_AG_BIOMASS_CROP", "604.009", "Foliage", "Mixed/unknown", "gC m-2", , "20060728", "(assuming 43#9% C)", 
"US-Ne1", "27678", "GRP_AG_BIOMASS_CROP", "38.6729", "Foliage", "Mixed/unknown", "gC m-2", , "20010621", "(assuming 43#9% C)", 
"US-Ne1", "27679", "GRP_AG_BIOMASS_CROP", "201.247", "Foliage", "Mixed/unknown", "gC m-2", , "20010705", "(assuming 43#9% C)", 
"US-Ne1", "27680", "GRP_AG_BIOMASS_CROP", "26.4778", "Foliage", "Mixed/unknown", "gC m-2", , "20020618", "(assuming 43#9% C)", 
"US-Ne1", "27681", "GRP_AG_BIOMASS_CROP", "240.987", "Foliage", "Mixed/unknown", "gC m-2", , "20020708", "(assuming 43#9% C)", 
"US-Ne1", "27682", "GRP_AG_BIOMASS_CROP", "0.892291", "Foliage", "Mixed/unknown", "gC m-2", , "20030606", "(assuming 43#9% C)", 
"US-Ne1", "27683", "GRP_AG_BIOMASS_CROP", "143.449", "Foliage", "Mixed/unknown", "gC m-2", , "20030708", "(assuming 43#9% C)", 
"US-Ne1", "27684", "GRP_AG_BIOMASS_CROP", "416.843", "Foliage", "Mixed/unknown", "gC m-2", , "20030728", "(assuming 43#9% C)", 
"US-Ne1", "27685", "GRP_AG_BIOMASS_CROP", "20.1132", "Foliage", "Mixed/unknown", "gC m-2", , "20040615", "(assuming 43#9% C)", 
"US-Ne1", "27697", "GRP_AG_BIOMASS_CROP", "4.48646", "Foliage", "Mixed/unknown", "gC m-2", , "20060601", "(assuming 43#9% C)", 
"US-Ne1", "27699", "GRP_AG_BIOMASS_CROP", "4.01429", "Foliage", "Mixed/unknown", "gC m-2", , "20070529", "(assuming 43#9% C)", 
"US-Ne1", "27770", "GRP_AG_BIOMASS_CROP", "1015.71", "Foliage", "Mixed/unknown", "gC m-2", , "20060912", "(assuming 43#9% C)", 
"US-Ne1", "27774", "GRP_AG_BIOMASS_CROP", "8.23232", "Foliage", "Mixed/unknown", "gC m-2", , "20010613", "(assuming 43#9% C)", 
"US-Ne1", "27775", "GRP_AG_BIOMASS_CROP", "341.663", "Foliage", "Mixed/unknown", "gC m-2", , "20020715", "(assuming 43#9% C)", 
"US-Ne1", "27776", "GRP_AG_BIOMASS_CROP", "521.729", "Foliage", "Mixed/unknown", "gC m-2", , "20040805", "(assuming 43#9% C)", 
"US-Ne1", "27777", "GRP_AG_BIOMASS_CROP", "685.371", "Foliage", "Mixed/unknown", "gC m-2", , "20040817", "(assuming 43#9% C)", 
"US-Ne1", "28039", "GRP_AG_BIOMASS_CROP", "446", "Total", "Mixed/unknown", "gC m-2", , "20021015", , 
"US-Ne1", "28043", "GRP_AG_BIOMASS_CROP", "65.8304", "Foliage", "Mixed/unknown", "gC m-2", , "20060616", "(assuming 43#9% C)", 
"US-Ne1", "28047", "GRP_AG_BIOMASS_CROP", "790.954", "Foliage", "Mixed/unknown", "gC m-2", , "20010815", "(assuming 43#9% C)", 
"US-Ne1", "28048", "GRP_AG_BIOMASS_CROP", "0.21533", "Foliage", "Mixed/unknown", "gC m-2", , "20020529", "(assuming 43#9% C)", 
"US-Ne1", "28049", "GRP_AG_BIOMASS_CROP", "892.133", "Foliage", "Mixed/unknown", "gC m-2", , "20050913", "(assuming 43#9% C)", 
"US-Ne1", "28053", "GRP_AG_BIOMASS_CROP", "46.2953", "Foliage", "Mixed/unknown", "gC m-2", , "20070613", "(assuming 43#9% C)", 
"US-Ne1", "28393", "GRP_AG_BIOMASS_CROP", "305.929", "Foliage", "Mixed/unknown", "gC m-2", , "20030718", "(assuming 43#9% C)", 
"US-Ne1", "28398", "GRP_AG_BIOMASS_CROP", "21.3839", "Foliage", "Mixed/unknown", "gC m-2", , "20060608", "(assuming 43#9% C)", 
"US-Ne1", "28399", "GRP_AG_BIOMASS_CROP", "19.9757", "Foliage", "Mixed/unknown", "gC m-2", , "20070606", "(assuming 43#9% C)", 
"US-Ne1", "28658", "GRP_AG_BIOMASS_CROP", "486", "Total", "Mixed/unknown", "gC m-2", , "20011016", , 
"US-Ne1", "28662", "GRP_AG_BIOMASS_CROP", "166.598", "Foliage", "Mixed/unknown", "gC m-2", , "20060626", "(assuming 43#9% C)", 
"US-Ne1", "28666", "GRP_AG_BIOMASS_CROP", "524.921", "Foliage", "Mixed/unknown", "gC m-2", , "20030808", "(assuming 43#9% C)", 
"US-Ne1", "28667", "GRP_AG_BIOMASS_CROP", "2.44095", "Foliage", "Mixed/unknown", "gC m-2", , "20040603", "(assuming 43#9% C)", 
"US-Ne1", "28668", "GRP_AG_BIOMASS_CROP", "369.501", "Foliage", "Mixed/unknown", "gC m-2", , "20050720", "(assuming 43#9% C)", 
"US-Ne1", "28669", "GRP_AG_BIOMASS_CROP", "698.192", "Foliage", "Mixed/unknown", "gC m-2", , "20050919", "(assuming 43#9% C)", 
"US-Ne1", "28678", "GRP_AG_BIOMASS_CROP", "103.421", "Foliage", "Mixed/unknown", "gC m-2", , "20070619", "(assuming 43#9% C)", 
"US-Ne1", "28720", "GRP_AG_BIOMASS_CROP", "673.598", "Foliage", "Mixed/unknown", "gC m-2", , "20060804", "(assuming 43#9% C)", 
"US-Ne1", "28721", "GRP_AG_BIOMASS_CROP", "934.045", "Foliage", "Mixed/unknown", "gC m-2", , "20060824", "(assuming 43#9% C)", 
"US-Ne1", "28723", "GRP_AG_BIOMASS_CROP", "0.545466", "Foliage", "Mixed/unknown", "gC m-2", , "20010529", "(assuming 43#9% C)", 
"US-Ne1", "28724", "GRP_AG_BIOMASS_CROP", "571.758", "Foliage", "Mixed/unknown", "gC m-2", , "20020729", "(assuming 43#9% C)", 
"US-Ne1", "28725", "GRP_AG_BIOMASS_CROP", "779.455", "Foliage", "Mixed/unknown", "gC m-2", , "20020812", "(assuming 43#9% C)", 
"US-Ne1", "28726", "GRP_AG_BIOMASS_CROP", "1083.51", "Foliage", "Mixed/unknown", "gC m-2", , "20020912", "(assuming 43#9% C)", 
"US-Ne1", "28738", "GRP_AG_BIOMASS_CROP", "1112.15", "Foliage", "Mixed/unknown", "gC m-2", , "20070905", "(assuming 43#9% C)", 
"US-Ne1", "28887", "GRP_AG_BIOMASS_CROP", "777.459", "Foliage", "Mixed/unknown", "gC m-2", , "20060814", "(assuming 43#9% C)", 
"US-Ne1", "28890", "GRP_AG_BIOMASS_CROP", "897.17", "Foliage", "Mixed/unknown", "gC m-2", , "20040907", "(assuming 43#9% C)", 
"US-Ne1", "28891", "GRP_AG_BIOMASS_CROP", "848.59", "Foliage", "Mixed/unknown", "gC m-2", , "20040929", "(assuming 43#9% C)", 
"US-Ne1", "28895", "GRP_AG_BIOMASS_CROP", "1065.84", "Foliage", "Mixed/unknown", "gC m-2", , "20070924", "(assuming 43#9% C)", 
"US-Ne1", "29250", "GRP_AG_BIOMASS_CROP", "382", "Total", "Mixed/unknown", "gC m-2", , "20041004", , 
"US-Ne1", "29253", "GRP_AG_BIOMASS_CROP", "337.861", "Foliage", "Mixed/unknown", "gC m-2", , "20060706", "(assuming 43#9% C)", 
"US-Ne1", "29258", "GRP_AG_BIOMASS_CROP", "0.920431", "Foliage", "Mixed/unknown", "gC m-2", , "20020603", "(assuming 43#9% C)", 
"US-Ne1", "29259", "GRP_AG_BIOMASS_CROP", "160.285", "Foliage", "Mixed/unknown", "gC m-2", , "20020701", "(assuming 43#9% C)", 
"US-Ne1", "29260", "GRP_AG_BIOMASS_CROP", "32.6504", "Foliage", "Mixed/unknown", "gC m-2", , "20030625", "(assuming 43#9% C)", 
"US-Ne1", "29261", "GRP_AG_BIOMASS_CROP", "129.572", "Foliage", "Mixed/unknown", "gC m-2", , "20040701", "(assuming 43#9% C)", 
"US-Ne1", "29262", "GRP_AG_BIOMASS_CROP", "0.815529", "Foliage", "Mixed/unknown", "gC m-2", , "20050531", "(assuming 43#9% C)", 
"US-Ne1", "29263", "GRP_AG_BIOMASS_CROP", "86.8541", "Foliage", "Mixed/unknown", "gC m-2", , "20050627", "(assuming 43#9% C)", 
"US-Ne1", "29272", "GRP_AG_BIOMASS_CROP", "798.899", "Foliage", "Mixed/unknown", "gC m-2", , "20070803", "(assuming 43#9% C)", 
"US-Ne1", "29374", "GRP_AG_BIOMASS_CROP", "264.278", "Foliage", "Mixed/unknown", "gC m-2", , "20040713", "(assuming 43#9% C)", 
"US-Ne1", "29375", "GRP_AG_BIOMASS_CROP", "26.2745", "Foliage", "Mixed/unknown", "gC m-2", , "20050617", "(assuming 43#9% C)", 
"US-Ne1", "29384", "GRP_AG_BIOMASS_CROP", "898.087", "Foliage", "Mixed/unknown", "gC m-2", , "20070816", "(assuming 43#9% C)", 
"US-Ne1", "29580", "GRP_AG_BIOMASS_CROP", "191.885", "Foliage", "Mixed/unknown", "gC m-2", , "20050707", "(assuming 43#9% C)", 
"US-Ne1", "29584", "GRP_AG_BIOMASS_CROP", "623.304", "Foliage", "Mixed/unknown", "gC m-2", , "20070724", "(assuming 43#9% C)", 
"US-Ne2", "27131", "GRP_AG_BIOMASS_CROP", "337.497", "Foliage", "Mixed/unknown", "gC m-2", , "20060828", "(assuming 43#9% C)", 
"US-Ne2", "27136", "GRP_AG_BIOMASS_CROP", "7.77197", "Foliage", "Mixed/unknown", "gC m-2", , "20010613", "(assuming 43#9% C)", 
"US-Ne2", "27137", "GRP_AG_BIOMASS_CROP", "90.7223", "Foliage", "Mixed/unknown", "gC m-2", , "20010629", "(assuming 43#9% C)", 
"US-Ne2", "27138", "GRP_AG_BIOMASS_CROP", "41.497", "Foliage", "Mixed/unknown", "gC m-2", , "20030624", "(assuming 43#9% C)", 
"US-Ne2", "27139", "GRP_AG_BIOMASS_CROP", "21.6319", "Foliage", "Mixed/unknown", "gC m-2", , "20050613", "(assuming 43#9% C)", 
"US-Ne2", "27140", "GRP_AG_BIOMASS_CROP", "251.865", "Foliage", "Mixed/unknown", "gC m-2", , "20050706", "(assuming 43#9% C)", 
"US-Ne2", "27424", "GRP_AG_BIOMASS_CROP", "446", "Total", "Mixed/unknown", "gC m-2", , "20011016", , 
"US-Ne2", "27425", "GRP_AG_BIOMASS_CROP", "268", "Total", "Mixed/unknown", "gC m-2", , "20021010", , 
"US-Ne2", "27430", "GRP_AG_BIOMASS_CROP", "259.88", "Foliage", "Mixed/unknown", "gC m-2", , "20060809", "(assuming 43#9% C)", 
"US-Ne2", "27438", "GRP_AG_BIOMASS_CROP", "1.10535", "Foliage", "Mixed/unknown", "gC m-2", , "20030606", "(assuming 43#9% C)", 
"US-Ne2", "27674", "GRP_AG_BIOMASS_CROP", "11.0062", "Foliage", "Mixed/unknown", "gC m-2", , "20060620", "(assuming 43#9% C)", 
"US-Ne2", "27675", "GRP_AG_BIOMASS_CROP", "48.4367", "Foliage", "Mixed/unknown", "gC m-2", , "20060707", "(assuming 43#9% C)", 
"US-Ne2", "27686", "GRP_AG_BIOMASS_CROP", "29.1908", "Foliage", "Mixed/unknown", "gC m-2", , "20010621", "(assuming 43#9% C)", 
"US-Ne2", "27687", "GRP_AG_BIOMASS_CROP", "57.7363", "Foliage", "Mixed/unknown", "gC m-2", , "20020710", "(assuming 43#9% C)", 
"US-Ne2", "27688", "GRP_AG_BIOMASS_CROP", "10.6602", "Foliage", "Mixed/unknown", "gC m-2", , "20040708", "(assuming 43#9% C)", 
"US-Ne2", "27689", "GRP_AG_BIOMASS_CROP", "80.6233", "Foliage", "Mixed/unknown", "gC m-2", , "20040730", "(assuming 43#9% C)", 
"US-Ne2", "27690", "GRP_AG_BIOMASS_CROP", "338.008", "Foliage", "Mixed/unknown", "gC m-2", , "20050713", "(assuming 43#9% C)", 
"US-Ne2", "27771", "GRP_AG_BIOMASS_CROP", "4.92941", "Foliage", "Mixed/unknown", "gC m-2", , "20060612", "(assuming 43#9% C)", 
"US-Ne2", "27778", "GRP_AG_BIOMASS_CROP", "481.841", "Foliage", "Mixed/unknown", "gC m-2", , "20010720", "(assuming 43#9% C)", 
"US-Ne2", "27779", "GRP_AG_BIOMASS_CROP", "778.997", "Foliage", "Mixed/unknown", "gC m-2", , "20010809", "(assuming 43#9% C)", 
"US-Ne2", "27780", "GRP_AG_BIOMASS_CROP", "833.533", "Foliage", "Mixed/unknown", "gC m-2", , "20030822", "(assuming 43#9% C)", 
"US-Ne2", "27781", "GRP_AG_BIOMASS_CROP", "1012.39", "Foliage", "Mixed/unknown", "gC m-2", , "20030912", "(assuming 43#9% C)", 
"US-Ne2", "27782", "GRP_AG_BIOMASS_CROP", "2.55942", "Foliage", "Mixed/unknown", "gC m-2", , "20040624", "(assuming 43#9% C)", 
"US-Ne2", "27783", "GRP_AG_BIOMASS_CROP", "619.156", "Foliage", "Mixed/unknown", "gC m-2", , "20050804", "(assuming 43#9% C)", 
"US-Ne2", "27784", "GRP_AG_BIOMASS_CROP", "751.889", "Foliage", "Mixed/unknown", "gC m-2", , "20050815", "(assuming 43#9% C)", 
"US-Ne2", "27785", "GRP_AG_BIOMASS_CROP", "979.677", "Foliage", "Mixed/unknown", "gC m-2", , "20050901", "(assuming 43#9% C)", 
"US-Ne2", "27789", "GRP_AG_BIOMASS_CROP", "105.228", "Foliage", "Mixed/unknown", "gC m-2", , "20070621", "(assuming 43#9% C)", 
"US-Ne2", "28044", "GRP_AG_BIOMASS_CROP", "147.128", "Foliage", "Mixed/unknown", "gC m-2", , "20060724", "(assuming 43#9% C)", 
"US-Ne2", "28045", "GRP_AG_BIOMASS_CROP", "201.619", "Foliage", "Mixed/unknown", "gC m-2", , "20060731", "(assuming 43#9% C)", 
"US-Ne2", "28046", "GRP_AG_BIOMASS_CROP", "318.6", "Foliage", "Mixed/unknown", "gC m-2", , "20060815", "(assuming 43#9% C)", 
"US-Ne2", "28050", "GRP_AG_BIOMASS_CROP", "408.681", "Foliage", "Mixed/unknown", "gC m-2", , "20020919", "(assuming 43#9% C)", 
"US-Ne2", "28051", "GRP_AG_BIOMASS_CROP", "375.294", "Foliage", "Mixed/unknown", "gC m-2", , "20040916", "(assuming 43#9% C)", 
"US-Ne2", "28052", "GRP_AG_BIOMASS_CROP", "289.719", "Foliage", "Mixed/unknown", "gC m-2", , "20040930", "(assuming 43#9% C)", 
"US-Ne2", "28054", "GRP_AG_BIOMASS_CROP", "851.408", "Foliage", "Mixed/unknown", "gC m-2", , "20070807", "(assuming 43#9% C)", 
"US-Ne2", "28055", "GRP_AG_BIOMASS_CROP", "980.498", "Foliage", "Mixed/unknown", "gC m-2", , "20070820", "(assuming 43#9% C)", 
"US-Ne2", "28385", "GRP_AG_BIOMASS_CROP", "407", "Total", "Mixed/unknown", "gC m-2", , "20051011", , 
"US-Ne2", "28388", "GRP_AG_BIOMASS_CROP", "19.4998", "Foliage", "Mixed/unknown", "gC m-2", , "20060627", "(assuming 43#9% C)", 
"US-Ne2", "28389", "GRP_AG_BIOMASS_CROP", "343.779", "Foliage", "Mixed/unknown", "gC m-2", , "20061005", "(assuming 43#9% C)", 
"US-Ne2", "28394", "GRP_AG_BIOMASS_CROP", "46.2959", "Foliage", "Mixed/unknown", "gC m-2", , "20040720", "(assuming 43#9% C)", 
"US-Ne2", "28395", "GRP_AG_BIOMASS_CROP", "511.146", "Foliage", "Mixed/unknown", "gC m-2", , "20050727", "(assuming 43#9% C)", 
"US-Ne2", "28655", "GRP_AG_BIOMASS_CROP", "454", "Total", "Mixed/unknown", "gC m-2", , "20031020", , 
"US-Ne2", "28670", "GRP_AG_BIOMASS_CROP", "251.943", "Foliage", "Mixed/unknown", "gC m-2", , "20020806", "(assuming 43#9% C)", 
"US-Ne2", "28671", "GRP_AG_BIOMASS_CROP", "461.913", "Foliage", "Mixed/unknown", "gC m-2", , "20020910", "(assuming 43#9% C)", 
"US-Ne2", "28672", "GRP_AG_BIOMASS_CROP", "250.808", "Foliage", "Mixed/unknown", "gC m-2", , "20040826", "(assuming 43#9% C)", 
"US-Ne2", "28673", "GRP_AG_BIOMASS_CROP", "1.14942", "Foliage", "Mixed/unknown", "gC m-2", , "20050531", "(assuming 43#9% C)", 
"US-Ne2", "28727", "GRP_AG_BIOMASS_CROP", "210.774", "Foliage", "Mixed/unknown", "gC m-2", , "20010709", "(assuming 43#9% C)", 
"US-Ne2", "28728", "GRP_AG_BIOMASS_CROP", "321.189", "Foliage", "Mixed/unknown", "gC m-2", , "20010713", "(assuming 43#9% C)", 
"US-Ne2", "28729", "GRP_AG_BIOMASS_CROP", "578.174", "Foliage", "Mixed/unknown", "gC m-2", , "20030806", "(assuming 43#9% C)", 
"US-Ne2", "28739", "GRP_AG_BIOMASS_CROP", "42.7688", "Foliage", "Mixed/unknown", "gC m-2", , "20070614", "(assuming 43#9% C)", 
"US-Ne2", "28888", "GRP_AG_BIOMASS_CROP", "2.27066", "Foliage", "Mixed/unknown", "gC m-2", , "20060602", "(assuming 43#9% C)", 
"US-Ne2", "28892", "GRP_AG_BIOMASS_CROP", "914.206", "Foliage", "Mixed/unknown", "gC m-2", , "20050919", "(assuming 43#9% C)", 
"US-Ne2", "28896", "GRP_AG_BIOMASS_CROP", "3.76646", "Foliage", "Mixed/unknown", "gC m-2", , "20070529", "(assuming 43#9% C)", 
"US-Ne2", "28897", "GRP_AG_BIOMASS_CROP", "19.464", "Foliage", "Mixed/unknown", "gC m-2", , "20070607", "(assuming 43#9% C)", 
"US-Ne2", "29254", "GRP_AG_BIOMASS_CROP", "75.9857", "Foliage", "Mixed/unknown", "gC m-2", , "20060714", "(assuming 43#9% C)", 
"US-Ne2", "29256", "GRP_AG_BIOMASS_CROP", "1145.93", "Foliage", "Mixed/unknown", "gC m-2", , "20070911", "(assuming 43#9% C)", 
"US-Ne2", "29264", "GRP_AG_BIOMASS_CROP", "791.896", "Foliage", "Mixed/unknown", "gC m-2", , "20010820", "(assuming 43#9% C)", 
"US-Ne2", "29265", "GRP_AG_BIOMASS_CROP", "14.6292", "Foliage", "Mixed/unknown", "gC m-2", , "20020625", "(assuming 43#9% C)", 
"US-Ne2", "29266", "GRP_AG_BIOMASS_CROP", "141.215", "Foliage", "Mixed/unknown", "gC m-2", , "20020724", "(assuming 43#9% C)", 
"US-Ne2", "29267", "GRP_AG_BIOMASS_CROP", "293.25", "Foliage", "Mixed/unknown", "gC m-2", , "20030716", "(assuming 43#9% C)", 
"US-Ne2", "29268", "GRP_AG_BIOMASS_CROP", "157.884", "Foliage", "Mixed/unknown", "gC m-2", , "20040813", "(assuming 43#9% C)", 
"US-Ne2", "29273", "GRP_AG_BIOMASS_CROP", "330.107", "Foliage", "Mixed/unknown", "gC m-2", , "20070710", "(assuming 43#9% C)", 
"US-Ne2", "29274", "GRP_AG_BIOMASS_CROP", "640.068", "Foliage", "Mixed/unknown", "gC m-2", , "20070725", "(assuming 43#9% C)", 
"US-Ne2", "29371", "GRP_AG_BIOMASS_CROP", "1028.83", "Foliage", "Mixed/unknown", "gC m-2", , "20070927", "(assuming 43#9% C)", 
"US-Ne2", "29376", "GRP_AG_BIOMASS_CROP", "0.397693", "Foliage", "Mixed/unknown", "gC m-2", , "20010529", "(assuming 43#9% C)", 
"US-Ne2", "29377", "GRP_AG_BIOMASS_CROP", "180.586", "Foliage", "Mixed/unknown", "gC m-2", , "20030707", "(assuming 43#9% C)", 
"US-Ne2", "29378", "GRP_AG_BIOMASS_CROP", "427.385", "Foliage", "Mixed/unknown", "gC m-2", , "20030725", "(assuming 43#9% C)", 
"US-Ne2", "29379", "GRP_AG_BIOMASS_CROP", "90.7234", "Foliage", "Mixed/unknown", "gC m-2", , "20050623", "(assuming 43#9% C)", 
"US-Ne2", "29385", "GRP_AG_BIOMASS_CROP", "497.89", "Foliage", "Mixed/unknown", "gC m-2", , "20070718", "(assuming 43#9% C)", 
"US-Ne2", "29574", "GRP_AG_BIOMASS_CROP", "163", "Total", "Mixed/unknown", "gC m-2", , "20041013", , 
"US-Ne2", "29579", "GRP_AG_BIOMASS_CROP", "386.734", "Foliage", "Mixed/unknown", "gC m-2", , "20060920", "(assuming 43#9% C)", 
"US-Ne2", "29581", "GRP_AG_BIOMASS_CROP", "3.35063", "Foliage", "Mixed/unknown", "gC m-2", , "20020611", "(assuming 43#9% C)", 
"US-Ne2", "29585", "GRP_AG_BIOMASS_CROP", "204.608", "Foliage", "Mixed/unknown", "gC m-2", , "20070628", "(assuming 43#9% C)", 
"US-Ne3", "27124", "GRP_AG_BIOMASS_CROP", "138", "Total", "Mixed/unknown", "gC m-2", , "20041005", , 
"US-Ne3", "27141", "GRP_AG_BIOMASS_CROP", "134.91", "Foliage", "Mixed/unknown", "gC m-2", , "20010705", "(assuming 43#9% C)", 
"US-Ne3", "27142", "GRP_AG_BIOMASS_CROP", "3.61066", "Foliage", "Mixed/unknown", "gC m-2", , "20020611", "(assuming 43#9% C)", 
"US-Ne3", "27143", "GRP_AG_BIOMASS_CROP", "54.9586", "Foliage", "Mixed/unknown", "gC m-2", , "20020709", "(assuming 43#9% C)", 
"US-Ne3", "27144", "GRP_AG_BIOMASS_CROP", "202.951", "Foliage", "Mixed/unknown", "gC m-2", , "20040819", "(assuming 43#9% C)", 
"US-Ne3", "27145", "GRP_AG_BIOMASS_CROP", "80.4687", "Foliage", "Mixed/unknown", "gC m-2", , "20050621", "(assuming 43#9% C)", 
"US-Ne3", "27146", "GRP_AG_BIOMASS_CROP", "286.344", "Foliage", "Mixed/unknown", "gC m-2", , "20050714", "(assuming 43#9% C)", 
"US-Ne3", "27421", "GRP_AG_BIOMASS_CROP", "377", "Total", "Mixed/unknown", "gC m-2", , "20011011", , 
"US-Ne3", "27431", "GRP_AG_BIOMASS_CROP", "217.485", "Foliage", "Mixed/unknown", "gC m-2", , "20070702", "(assuming 43#9% C)", 
"US-Ne3", "27439", "GRP_AG_BIOMASS_CROP", "228.194", "Foliage", "Mixed/unknown", "gC m-2", , "20010711", "(assuming 43#9% C)", 
"US-Ne3", "27440", "GRP_AG_BIOMASS_CROP", "601.871", "Foliage", "Mixed/unknown", "gC m-2", , "20010814", "(assuming 43#9% C)", 
"US-Ne3", "27441", "GRP_AG_BIOMASS_CROP", "537.022", "Foliage", "Mixed/unknown", "gC m-2", , "20030820", "(assuming 43#9% C)", 
"US-Ne3", "27442", "GRP_AG_BIOMASS_CROP", "551.576", "Foliage", "Mixed/unknown", "gC m-2", , "20030904", "(assuming 43#9% C)", 
"US-Ne3", "27443", "GRP_AG_BIOMASS_CROP", "15.4433", "Foliage", "Mixed/unknown", "gC m-2", , "20040706", "(assuming 43#9% C)", 
"US-Ne3", "27444", "GRP_AG_BIOMASS_CROP", "519.051", "Foliage", "Mixed/unknown", "gC m-2", , "20050808", "(assuming 43#9% C)", 
"US-Ne3", "27445", "GRP_AG_BIOMASS_CROP", "759.089", "Foliage", "Mixed/unknown", "gC m-2", , "20050907", "(assuming 43#9% C)", 
"US-Ne3", "27446", "GRP_AG_BIOMASS_CROP", "693.619", "Foliage", "Mixed/unknown", "gC m-2", , "20050926", "(assuming 43#9% C)", 
"US-Ne3", "27676", "GRP_AG_BIOMASS_CROP", "2.14858", "Foliage", "Mixed/unknown", "gC m-2", , "20060602", "(assuming 43#9% C)", 
"US-Ne3", "27677", "GRP_AG_BIOMASS_CROP", "19.6459", "Foliage", "Mixed/unknown", "gC m-2", , "20070611", "(assuming 43#9% C)", 
"US-Ne3", "27691", "GRP_AG_BIOMASS_CROP", "4.95498", "Foliage", "Mixed/unknown", "gC m-2", , "20010613", "(assuming 43#9% C)", 
"US-Ne3", "27692", "GRP_AG_BIOMASS_CROP", "70.8217", "Foliage", "Mixed/unknown", "gC m-2", , "20010628", "(assuming 43#9% C)", 
"US-Ne3", "27693", "GRP_AG_BIOMASS_CROP", "16.6016", "Foliage", "Mixed/unknown", "gC m-2", , "20030619", "(assuming 43#9% C)", 
"US-Ne3", "27694", "GRP_AG_BIOMASS_CROP", "258.393", "Foliage", "Mixed/unknown", "gC m-2", , "20030714", "(assuming 43#9% C)", 
"US-Ne3", "27695", "GRP_AG_BIOMASS_CROP", "431.347", "Foliage", "Mixed/unknown", "gC m-2", , "20030804", "(assuming 43#9% C)", 
"US-Ne3", "27696", "GRP_AG_BIOMASS_CROP", "179.63", "Foliage", "Mixed/unknown", "gC m-2", , "20040810", "(assuming 43#9% C)", 
"US-Ne3", "27698", "GRP_AG_BIOMASS_CROP", "258.269", "Foliage", "Mixed/unknown", "gC m-2", , "20060810", "(assuming 43#9% C)", 
"US-Ne3", "27772", "GRP_AG_BIOMASS_CROP", "60.7038", "Foliage", "Mixed/unknown", "gC m-2", , "20060711", "(assuming 43#9% C)", 
"US-Ne3", "27773", "GRP_AG_BIOMASS_CROP", "115.89", "Foliage", "Mixed/unknown", "gC m-2", , "20060717", "(assuming 43#9% C)", 
"US-Ne3", "27786", "GRP_AG_BIOMASS_CROP", "1.30296", "Foliage", "Mixed/unknown", "gC m-2", , "20030606", "(assuming 43#9% C)", 
"US-Ne3", "27787", "GRP_AG_BIOMASS_CROP", "10.9867", "Foliage", "Mixed/unknown", "gC m-2", , "20050608", "(assuming 43#9% C)", 
"US-Ne3", "27788", "GRP_AG_BIOMASS_CROP", "346.093", "Foliage", "Mixed/unknown", "gC m-2", , "20060918", "(assuming 43#9% C)", 
"US-Ne3", "28390", "GRP_AG_BIOMASS_CROP", "2.55968", "Foliage", "Mixed/unknown", "gC m-2", , "20070530", "(assuming 43#9% C)", 
"US-Ne3", "28391", "GRP_AG_BIOMASS_CROP", "55.6348", "Foliage", "Mixed/unknown", "gC m-2", , "20070618", "(assuming 43#9% C)", 
"US-Ne3", "28392", "GRP_AG_BIOMASS_CROP", "571.552", "Foliage", "Mixed/unknown", "gC m-2", , "20070801", "(assuming 43#9% C)", 
"US-Ne3", "28396", "GRP_AG_BIOMASS_CROP", "24.5655", "Foliage", "Mixed/unknown", "gC m-2", , "20010621", "(assuming 43#9% C)", 
"US-Ne3", "28397", "GRP_AG_BIOMASS_CROP", "346.454", "Foliage", "Mixed/unknown", "gC m-2", , "20030723", "(assuming 43#9% C)", 
"US-Ne3", "28649", "GRP_AG_BIOMASS_CROP", "180", "Total", "Mixed/unknown", "gC m-2", , "20021011", , 
"US-Ne3", "28650", "GRP_AG_BIOMASS_CROP", "298", "Total", "Mixed/unknown", "gC m-2", , "20031002", , 
"US-Ne3", "28663", "GRP_AG_BIOMASS_CROP", "113.479", "Foliage", "Mixed/unknown", "gC m-2", , "20070625", "(assuming 43#9% C)", 
"US-Ne3", "28664", "GRP_AG_BIOMASS_CROP", "302.649", "Foliage", "Mixed/unknown", "gC m-2", , "20070711", "(assuming 43#9% C)", 
"US-Ne3", "28665", "GRP_AG_BIOMASS_CROP", "467.562", "Foliage", "Mixed/unknown", "gC m-2", , "20070723", "(assuming 43#9% C)", 
"US-Ne3", "28674", "GRP_AG_BIOMASS_CROP", "289.93", "Foliage", "Mixed/unknown", "gC m-2", , "20010718", "(assuming 43#9% C)", 
"US-Ne3", "28675", "GRP_AG_BIOMASS_CROP", "561.582", "Foliage", "Mixed/unknown", "gC m-2", , "20010807", "(assuming 43#9% C)", 
"US-Ne3", "28676", "GRP_AG_BIOMASS_CROP", "2.69997", "Foliage", "Mixed/unknown", "gC m-2", , "20040624", "(assuming 43#9% C)", 
"US-Ne3", "28677", "GRP_AG_BIOMASS_CROP", "599.219", "Foliage", "Mixed/unknown", "gC m-2", , "20050817", "(assuming 43#9% C)", 
"US-Ne3", "28722", "GRP_AG_BIOMASS_CROP", "10.1197", "Foliage", "Mixed/unknown", "gC m-2", , "20060621", "(assuming 43#9% C)", 
"US-Ne3", "28730", "GRP_AG_BIOMASS_CROP", "0.179316", "Foliage", "Mixed/unknown", "gC m-2", , "20010529", "(assuming 43#9% C)", 
"US-Ne3", "28731", "GRP_AG_BIOMASS_CROP", "186.234", "Foliage", "Mixed/unknown", "gC m-2", , "20020809", "(assuming 43#9% C)", 
"US-Ne3", "28732", "GRP_AG_BIOMASS_CROP", "326.067", "Foliage", "Mixed/unknown", "gC m-2", , "20020918", "(assuming 43#9% C)", 
"US-Ne3", "28733", "GRP_AG_BIOMASS_CROP", "323.139", "Foliage", "Mixed/unknown", "gC m-2", , "20040909", "(assuming 43#9% C)", 
"US-Ne3", "28734", "GRP_AG_BIOMASS_CROP", "272.729", "Foliage", "Mixed/unknown", "gC m-2", , "20040920", "(assuming 43#9% C)", 
"US-Ne3", "28735", "GRP_AG_BIOMASS_CROP", "292.672", "Foliage", "Mixed/unknown", "gC m-2", , "20060816", "(assuming 43#9% C)", 
"US-Ne3", "28736", "GRP_AG_BIOMASS_CROP", "327.974", "Foliage", "Mixed/unknown", "gC m-2", , "20060830", "(assuming 43#9% C)", 
"US-Ne3", "28737", "GRP_AG_BIOMASS_CROP", "357.581", "Foliage", "Mixed/unknown", "gC m-2", , "20061009", "(assuming 43#9% C)", 
"US-Ne3", "28889", "GRP_AG_BIOMASS_CROP", "32.6058", "Foliage", "Mixed/unknown", "gC m-2", , "20060629", "(assuming 43#9% C)", 
"US-Ne3", "28893", "GRP_AG_BIOMASS_CROP", "295.346", "Foliage", "Mixed/unknown", "gC m-2", , "20020904", "(assuming 43#9% C)", 
"US-Ne3", "28894", "GRP_AG_BIOMASS_CROP", "0.616227", "Foliage", "Mixed/unknown", "gC m-2", , "20050524", "(assuming 43#9% C)", 
"US-Ne3", "29255", "GRP_AG_BIOMASS_CROP", "7.23607", "Foliage", "Mixed/unknown", "gC m-2", , "20060613", "(assuming 43#9% C)", 
"US-Ne3", "29257", "GRP_AG_BIOMASS_CROP", "783.428", "Foliage", "Mixed/unknown", "gC m-2", , "20070828", "(assuming 43#9% C)", 
"US-Ne3", "29269", "GRP_AG_BIOMASS_CROP", "119.5", "Foliage", "Mixed/unknown", "gC m-2", , "20030703", "(assuming 43#9% C)", 
"US-Ne3", "29270", "GRP_AG_BIOMASS_CROP", "94.415", "Foliage", "Mixed/unknown", "gC m-2", , "20040729", "(assuming 43#9% C)", 
"US-Ne3", "29271", "GRP_AG_BIOMASS_CROP", "208.307", "Foliage", "Mixed/unknown", "gC m-2", , "20060801", "(assuming 43#9% C)", 
"US-Ne3", "29366", "GRP_AG_BIOMASS_CROP", "397", "Total", "Mixed/unknown", "gC m-2", , "20051005", , 
"US-Ne3", "29372", "GRP_AG_BIOMASS_CROP", "662.474", "Foliage", "Mixed/unknown", "gC m-2", , "20070814", "(assuming 43#9% C)", 
"US-Ne3", "29373", "GRP_AG_BIOMASS_CROP", "813.682", "Foliage", "Mixed/unknown", "gC m-2", , "20070917", "(assuming 43#9% C)", 
"US-Ne3", "29380", "GRP_AG_BIOMASS_CROP", "17.1045", "Foliage", "Mixed/unknown", "gC m-2", , "20020625", "(assuming 43#9% C)", 
"US-Ne3", "29381", "GRP_AG_BIOMASS_CROP", "36.7557", "Foliage", "Mixed/unknown", "gC m-2", , "20040716", "(assuming 43#9% C)", 
"US-Ne3", "29382", "GRP_AG_BIOMASS_CROP", "139.718", "Foliage", "Mixed/unknown", "gC m-2", , "20050630", "(assuming 43#9% C)", 
"US-Ne3", "29383", "GRP_AG_BIOMASS_CROP", "416.621", "Foliage", "Mixed/unknown", "gC m-2", , "20050728", "(assuming 43#9% C)", 
"US-Ne3", "29582", "GRP_AG_BIOMASS_CROP", "113.902", "Foliage", "Mixed/unknown", "gC m-2", , "20020726", "(assuming 43#9% C)", 
"US-Ne3", "29583", "GRP_AG_BIOMASS_CROP", "145.204", "Foliage", "Mixed/unknown", "gC m-2", , "20060725", "(assuming 43#9% C)", 
"US-SO2", "23847", "GRP_AG_BIOMASS_CROP", "0", "Total", "Mixed/unknown", "gC m-2", , , "No trees or crops.", 
"US-SO2", "24734", "GRP_AG_BIOMASS_CROP", "0", "Foliage", "Mixed/unknown", "gC m-2", , , "No trees or crops.", 
"US-SO2", "24866", "GRP_AG_BIOMASS_CROP", "0", "Fruits", "Mixed/unknown", "gC m-2", , , "No trees or crops.", 
"US-SO2", "24996", "GRP_AG_BIOMASS_CROP", "0", "Total", "Mixed/unknown", "gC m-2", , , , 
"US-SO3", "23981", "GRP_AG_BIOMASS_CROP", "0", "Total", "Mixed/unknown", "gC m-2", , , "No trees or crops.", 
"US-SO3", "24476", "GRP_AG_BIOMASS_CROP", "0", "Fruits", "Mixed/unknown", "gC m-2", , , "No trees or crops.", 
"US-SO3", "24623", "GRP_AG_BIOMASS_CROP", "0", "Total", "Mixed/unknown", "gC m-2", , , , 
"US-SO3", "24735", "GRP_AG_BIOMASS_CROP", "0", "Foliage", "Mixed/unknown", "gC m-2", , , "No trees or crops.", 
"US-SO4", "24477", "GRP_AG_BIOMASS_CROP", "0", "Fruits", "Mixed/unknown", "gC m-2", , , "No trees or crops.", 
"US-SO4", "24606", "GRP_AG_BIOMASS_CROP", "0", "Foliage", "Mixed/unknown", "gC m-2", , , "No trees or crops.", 
"US-SO4", "24621", "GRP_AG_BIOMASS_CROP", "0", "Total", "Mixed/unknown", "gC m-2", , , "No trees or crops.", 
"US-SO4", "24749", "GRP_AG_BIOMASS_CROP", "0", "Total", "Mixed/unknown", "gC m-2", , , , 
